,Wardname,Population2011Census,GeneralFertilityRate,Malelifeexpectancy,Femalelifeexpectancy,Children,Greaterthan65,nonwhite,NotBorninUK,NotEnglishspeaking,Wardcode,Crimerate,Openspace,hhSocialRented,JobSeekers,Noqual,Carsperhousehold
0,Bromley - Darwin,5110,63.8,81.2,82.4,18.317025440313103,21.9,4.8,6.1,0.4,00AFGQ,58.6,88.8,5.5,1.6,21.9,1.7
1,Hillingdon - Harefield,7399,55.8,78.3,82.3,19.2458440329774,17.0,12.5,13.3,3.1,00ASGN,67.4,85.5,24.0,3.2,23.8,1.4
2,Westminster - Tachbrook,8158,33.3,82.2,83.1,10.7501838685952,15.4,21.8,41.1,15.1,00BKGR,51.1,32.4,29.3,2.7,12.5,0.4
3,Merton - Village,8491,49.7,82.6,86.3,19.1025792015075,19.3,17.1,34.0,8.3,00BAGQ,60.3,62.2,5.6,0.9,6.8,1.4
4,Merton - Hillside,8977,60.0,81.0,91.7,13.8242174445806,13.7,21.7,41.6,11.3,00BAGE,52.0,5.7,9.9,1.2,6.4,0.8
5,Merton - Lower Morden,9090,67.7,80.1,86.6,19.1859185918592,15.2,21.9,22.1,5.9,00BAGH,36.5,34.3,4.1,3.1,20.9,1.3
6,Kingston upon Thames - Alexandra,9246,55.1,80.8,84.4,20.8630759247242,14.8,29.8,27.2,8.2,00AXFX,49.2,43.5,4.9,2.1,15.8,1.4
7,Merton - Cannon Hill,9249,66.9,79.7,83.6,17.7316466645043,15.8,25.4,29.6,7.7,00BAFY,40.6,42.7,5.5,2.9,17.0,1.2
8,Merton - Dundonald,9275,77.3,80.0,90.1,16.485175202156302,9.8,18.1,35.6,7.3,00BAGB,79.0,15.2,3.7,1.4,7.8,0.8
9,Westminster - Warwick,9369,40.7,80.7,95.1,10.7161916960188,11.3,24.0,43.9,15.9,00BKGT,162.0,4.0,28.2,4.0,9.4,0.5
10,Richmond upon Thames - Hampton North,9387,47.3,80.7,87.3,19.250026632577,15.7,16.3,20.1,5.4,00BDGB,64.2,28.2,22.5,2.9,17.6,1.2
11,Kingston upon Thames - Old Malden,9431,62.6,82.4,85.9,19.870639380765603,15.7,30.8,27.3,8.4,00AXGH,34.0,21.6,9.1,2.3,15.7,1.4
12,Kingston upon Thames - Berrylands,9437,60.4,78.4,83.9,16.9227508742185,14.9,18.1,24.1,6.9,00AXFY,34.1,10.8,17.4,2.4,11.9,1.0
13,Merton - Merton Park,9485,57.1,84.5,88.5,19.5044807590933,14.6,29.2,35.5,10.1,00BAGJ,69.5,18.9,3.9,2.5,11.5,1.0
14,Kingston upon Thames - Tudor,9578,61.7,82.5,86.4,22.937982877427398,13.6,17.6,23.9,6.1,00AXGN,42.7,22.7,7.5,1.9,10.1,1.2
15,Sutton - Sutton South,9599,85.8,77.2,81.7,14.8765496405876,17.5,24.4,29.4,9.7,00BFGP,43.5,8.1,11.9,3.5,15.7,0.9
16,Westminster - Churchill,9618,46.0,74.6,81.9,20.1289249324184,12.8,39.4,44.4,17.4,00BKGD,107.2,22.2,49.8,6.8,19.1,0.4
17,Lambeth - Bishop's,9675,38.2,78.0,84.0,11.452196382428902,8.7,42.0,43.0,13.7,00AYFZ,311.9,31.6,41.8,6.9,14.5,0.4
18,Merton - Raynes Park,9738,82.3,80.0,83.8,19.172314643664,13.7,19.8,33.4,8.7,00BAGM,48.3,24.4,10.7,1.8,9.7,1.0
19,Kingston upon Thames - Coombe Vale,9750,51.4,80.2,85.3,21.2410256410256,13.3,33.4,33.5,11.1,00AXGE,36.4,11.0,6.9,1.8,11.7,1.2
20,Richmond upon Thames - Whitton,9752,76.8,79.7,85.8,19.3396226415094,16.3,21.5,23.3,6.7,00BDGP,57.0,21.3,9.8,2.8,17.0,1.2
21,Merton - Trinity,9798,93.8,80.6,83.9,16.932026944274302,8.2,22.2,36.1,9.8,00BAGP,117.0,15.7,11.9,2.8,9.2,0.8
22,Bromley - Shortlands,9824,48.2,83.0,87.9,18.526058631921803,19.7,15.6,16.0,3.6,00AFHA,26.6,3.1,6.2,1.7,12.1,1.3
23,Merton - West Barnes,9862,82.0,82.9,82.4,20.4421009937132,13.4,30.0,33.7,9.3,00BAGR,57.7,32.3,5.2,2.4,13.9,1.1
24,Bromley - Biggin Hill,9951,60.0,82.2,86.2,18.952869058386103,16.3,4.1,5.1,0.5,00AFGE,43.4,71.4,4.6,2.8,18.3,1.7
25,Merton - Ravensbury,9968,93.2,78.0,81.4,21.2479935794543,13.5,38.9,36.0,13.1,00BAGL,75.9,37.8,25.1,6.8,23.7,0.9
26,Richmond upon Thames - Hampton,9985,78.5,81.1,86.6,19.339008512769198,15.8,11.3,16.7,4.0,00BDGA,56.6,74.7,13.8,1.7,12.5,1.2
27,Richmond upon Thames - South Twickenham,9987,74.1,82.5,87.0,18.4740162210874,10.3,9.7,18.8,4.0,00BDGK,41.4,26.7,6.6,1.3,6.4,1.1
28,Richmond upon Thames - South Twickenham,9987,74.1,82.5,87.0,18.4740162210874,10.3,9.7,18.8,4.0,00AFGU,91.1,44.4,31.9,7.3,26.0,1.0
29,Westminster - Vincent Square,9988,39.0,80.3,90.4,14.4873848618342,12.6,29.3,44.6,17.0,00BKGS,92.5,30.0,34.5,4.3,11.7,0.4
30,Merton - Longthornton,10024,74.1,78.2,84.0,21.638068635275303,10.8,58.2,42.0,14.5,00BAGG,58.1,36.6,10.6,6.0,19.1,1.0
31,Harrow - Pinner,10026,62.5,80.7,84.9,18.112906443247603,19.8,38.0,31.7,7.5,00AQGL,56.7,28.6,14.6,2.8,14.7,1.3
32,Sutton - Carshalton Central,10039,60.5,82.9,85.4,19.0656439884451,13.7,13.7,15.0,3.7,00BFGF,60.0,27.0,7.0,3.3,15.4,1.2
33,Sutton - Belmont,10048,65.5,78.6,82.1,17.7945859872611,16.4,22.2,22.1,4.8,00BFGE,30.5,19.0,10.0,3.0,13.7,1.2
34,Harrow - Headstone North,10093,47.6,81.3,85.4,18.1809174675518,16.4,52.6,37.0,9.1,00AQGF,38.6,49.5,4.0,2.5,12.9,1.4
35,Kingston upon Thames - Norbiton,10107,67.4,76.2,78.2,18.7691698822598,9.1,31.0,34.1,13.6,00AXGG,71.6,34.5,31.2,4.9,17.7,0.8
36,Kingston upon Thames - Beverley,10109,66.1,76.8,80.0,20.664754179444103,12.9,32.6,32.4,13.3,00AXFZ,74.5,26.5,11.5,2.9,15.2,1.0
37,Sutton - Wallington South,10200,53.0,178.0,81.7,18.2058823529412,17.3,21.3,18.5,4.3,00BFGT,72.0,9.5,16.4,4.2,18.7,1.1
38,Westminster - Maida Vale,10210,71.6,87.6,88.8,17.8844270323213,9.2,37.6,49.0,15.2,00BKGL,76.6,27.2,24.5,4.6,13.2,0.5
39,Richmond upon Thames - Hampton Wick,10221,60.9,79.7,84.4,20.438313276587397,13.3,11.4,20.3,4.5,00BDGC,55.8,50.0,15.1,1.8,10.0,1.1
40,Kingston upon Thames - Chessington South,10232,60.9,80.0,83.3,20.6802189210321,13.5,13.0,14.3,3.9,00AXGC,49.4,75.7,11.7,2.1,19.1,1.4
41,Merton - Lavender Fields,10273,76.2,80.8,80.9,20.3056556020637,7.3,46.8,46.1,19.6,00BAGF,68.0,19.0,20.4,5.7,18.1,0.8
42,Sutton - Cheam,10285,46.3,82.3,83.0,19.8249878463782,19.7,21.2,18.6,3.3,00BFGH,45.3,24.7,2.5,1.9,14.6,1.5
43,Merton - Pollards Hill,10287,81.0,80.2,85.2,24.1178186060076,10.5,56.4,35.9,9.4,00BAGK,73.5,52.8,24.1,8.4,21.7,1.0
44,Merton - Pollards Hill,10287,81.0,80.2,85.2,24.1178186060076,10.5,56.4,35.9,9.4,00BHGA,72.7,54.9,15.4,4.9,24.2,1.1
45,Waltham Forest - Chingford Green,10287,60.6,77.7,84.4,17.663069894040998,21.8,14.7,13.1,3.0,00BAGK,73.5,52.8,24.1,8.4,21.7,1.0
46,Waltham Forest - Chingford Green,10287,60.6,77.7,84.4,17.663069894040998,21.8,14.7,13.1,3.0,00BHGA,72.7,54.9,15.4,4.9,24.2,1.1
47,Richmond upon Thames - Barnes,10299,64.0,82.3,84.8,20.4000388387222,14.7,14.3,32.2,8.3,00BDFW,61.4,54.4,17.9,2.1,9.1,1.0
48,Westminster - Bayswater,10300,43.2,91.6,85.1,11.747572815534001,9.7,31.1,56.1,23.9,00BKGB,118.2,3.8,20.4,4.4,7.5,0.4
49,Sutton - Beddington North,10309,69.2,79.3,83.0,20.6906586477835,13.3,23.5,16.6,3.8,00BFGC,67.1,53.0,9.0,3.8,19.8,1.3
50,Richmond upon Thames - Heathfield,10313,80.0,80.2,82.3,20.1687190924076,14.8,30.4,26.6,8.7,00BDGD,59.0,27.0,21.2,3.8,20.4,1.2
51,"Richmond upon Thames - Ham, Petersham & Richmond Riverside",10317,68.8,78.3,86.4,19.1237762915576,16.7,15.9,30.5,7.6,00BDFZ,65.8,81.9,18.5,3.1,14.1,1.0
52,Merton - Abbey,10323,52.6,80.0,81.0,15.7318608931512,8.5,26.6,38.3,12.5,00BAFX,82.0,12.8,14.1,2.0,10.1,0.7
53,Richmond upon Thames - Teddington,10330,51.9,81.9,83.4,18.9351403678606,13.6,8.9,17.8,4.1,00BDGL,56.1,64.0,8.5,1.5,7.7,1.1
54,Richmond upon Thames - East Sheen,10348,85.9,84.5,88.5,22.9029764205644,13.9,9.3,23.6,5.5,00BDFX,58.3,76.7,7.6,1.5,6.6,1.1
55,Sutton - Sutton North,10355,60.5,76.9,82.9,20.1352003862868,16.5,21.9,21.1,6.1,00BFGN,49.9,27.0,11.1,3.8,21.6,1.1
56,Kingston upon Thames - Coombe Hill,10357,43.9,80.4,83.0,18.818190595732396,14.4,35.5,40.6,13.9,00AXGD,56.8,42.1,11.6,2.3,10.7,1.3
57,Westminster - Marylebone High Street,10366,36.5,84.4,83.9,8.527879606405559,11.7,27.8,58.5,21.8,00BKGM,376.3,6.1,9.9,1.3,5.8,0.5
58,Harrow - West Harrow,10373,60.8,81.4,82.6,20.302708955943302,13.0,55.8,42.9,14.4,00AQGU,45.4,19.7,9.6,3.7,13.4,1.1
59,Hillingdon - Ickenham,10387,57.1,81.9,85.4,18.638682969096,19.9,21.8,15.9,2.8,00ASGR,43.5,55.7,4.4,1.6,14.6,1.6
60,Richmond upon Thames - Twickenham Riverside,10396,73.8,78.4,81.0,17.131589072720303,12.4,10.3,26.8,7.2,00BDGM,75.8,37.8,6.2,1.5,6.2,0.9
61,Greenwich - Eltham West,10399,47.9,74.2,81.7,21.992499278776805,12.3,24.6,21.3,6.4,00ALGW,61.6,30.5,44.1,6.2,30.8,0.9
62,Harrow - Pinner South,10411,61.1,82.7,93.1,21.160311209297898,17.1,40.6,29.4,6.8,00AQGM,0.9,22.2,6.7,1.9,11.4,1.4
63,Bexley - Barnehurst,10418,61.0,78.6,85.8,18.9671722019581,18.2,9.8,8.0,1.3,00ADGA,41.8,35.8,10.7,3.5,23.1,1.3
64,Redbridge - Monkhams,10422,53.7,80.9,82.5,16.973709460756098,20.7,21.1,18.8,3.8,00BCGN,56.3,29.9,4.4,1.9,15.0,1.4
65,Bexley - Longlands,10442,52.5,79.6,81.3,16.2995594713656,21.7,9.4,9.9,2.1,00ADGQ,40.7,30.0,13.2,2.8,20.9,1.2
66,Kingston upon Thames - Surbiton Hill,10459,54.2,79.1,81.9,16.703317716798903,13.5,19.0,25.0,7.0,00AXGL,30.3,5.8,7.5,1.7,10.7,1.0
67,Hillingdon - Northwood,10469,50.4,81.4,83.9,15.827681727003501,20.9,34.8,31.8,7.0,00ASGT,57.1,61.0,14.2,2.3,13.3,1.3
68,Richmond upon Thames - West Twickenham,10528,88.4,79.2,83.4,21.789513677811602,11.7,16.0,21.1,4.4,00BDGN,48.8,45.6,11.5,2.1,13.4,1.1
69,Sutton - Sutton West,10536,63.2,79.4,82.2,18.0713743356112,13.9,23.0,25.1,7.8,00BFGQ,39.9,23.1,3.9,2.5,13.5,1.1
70,Bexley - Brampton,10546,43.9,80.4,84.9,17.2482457803907,20.9,13.1,10.4,1.6,00ADGE,31.7,9.2,4.4,2.7,22.9,1.3
71,Westminster - West End,10575,38.1,93.2,99.6,7.9148936170212805,10.9,32.4,56.8,24.2,00BKGW,2100.2,3.9,23.5,3.4,9.6,0.4
72,Westminster - West End,10575,38.1,93.2,99.6,7.9148936170212805,10.9,32.4,56.8,24.2,00ABGP,90.7,16.4,12.3,6.9,24.0,1.0
73,Bexley - Northumberland Heath,10598,50.0,78.5,82.9,20.617097565578398,15.1,14.5,9.8,1.9,00ADGS,41.1,13.5,9.3,3.8,23.3,1.3
74,Hillingdon - West Ruislip,10611,55.8,80.4,85.3,17.8588257468665,16.8,18.0,18.4,3.9,00ASHC,67.0,49.5,11.0,2.0,16.3,1.3
75,Westminster - Little Venice,10633,70.0,80.2,92.5,17.201166180758,9.8,35.6,52.6,19.9,00BKGK,101.8,15.5,18.5,3.7,11.5,0.6
76,Sutton - Nonsuch,10641,52.0,81.6,87.4,18.550888074429103,17.3,15.3,15.7,3.6,00BFGJ,50.7,10.4,3.6,1.7,18.6,1.4
77,Richmond upon Thames - North Richmond,10649,76.4,83.8,86.1,18.6590290168091,13.1,15.7,28.3,6.8,00BDGG,72.6,54.1,16.9,2.1,10.2,0.9
78,Sutton - Wallington North,10650,77.5,78.9,81.3,19.9154929577465,12.5,19.6,16.6,4.4,00BFGS,60.0,19.9,12.9,3.3,16.4,1.1
79,Sutton - Beddington South,10667,59.6,76.9,83.7,22.039936251992103,13.9,28.8,20.1,4.2,00BFGD,61.1,39.1,35.9,6.2,21.0,1.3
80,Newham - Royal Docks,10679,63.9,80.6,83.1,21.0693885195243,4.0,54.1,48.3,18.1,00BBGT,91.6,57.8,30.8,5.6,14.1,0.7
81,Harrow - Hatch End,10693,55.3,82.0,84.3,18.685121107266397,19.8,43.3,33.0,9.1,00AQGE,50.8,31.1,8.5,2.4,15.4,1.4
82,Merton - Colliers Wood,10712,62.9,77.6,83.3,14.189693801344301,8.1,40.1,47.2,16.3,00BAFZ,92.8,14.5,12.6,3.5,13.3,0.7
83,Merton - Colliers Wood,10712,62.9,77.6,83.3,14.189693801344301,8.1,40.1,47.2,16.3,00BFGL,52.6,21.5,3.7,2.8,20.5,1.4
84,Sutton - Stonecot,10712,45.6,78.7,85.2,20.5843913368185,14.5,20.9,18.1,5.2,00BAFZ,92.8,14.5,12.6,3.5,13.3,0.7
85,Sutton - Stonecot,10712,45.6,78.7,85.2,20.5843913368185,14.5,20.9,18.1,5.2,00BFGL,52.6,21.5,3.7,2.8,20.5,1.4
86,Waltham Forest - Endlebury,10730,54.9,80.4,84.4,18.611369990680302,16.9,22.4,17.5,3.8,00BHGB,55.0,18.5,14.7,4.8,23.5,1.3
87,Haringey - Muswell Hill,10784,56.3,77.4,81.5,17.8783382789318,12.1,16.2,26.1,7.0,00APGJ,81.0,31.2,9.4,3.0,8.3,0.9
88,Croydon - New Addington,10801,72.7,74.4,80.5,25.803166373483897,12.7,23.7,13.9,3.0,00AHGR,87.4,31.2,42.2,7.9,34.8,1.0
89,Richmond upon Thames - South Richmond,10820,55.2,78.7,83.6,16.5526802218115,14.0,13.1,33.0,8.5,00BDGJ,123.3,47.3,13.9,2.0,7.1,0.9
90,Bexley - Sidcup,10844,43.7,76.4,78.8,15.815197344153399,20.0,10.1,10.6,2.2,00ADGW,53.1,25.8,6.7,2.0,19.1,1.2
91,Bexley - East Wickham,10858,71.2,79.0,84.0,18.916927610978103,18.0,16.9,13.4,3.2,00ADGL,45.3,26.5,12.6,4.6,26.4,1.2
92,Bexley - Danson Park,10864,53.6,79.8,84.3,18.501472754050102,17.5,16.2,13.2,3.1,00ADGK,59.1,36.3,8.9,3.3,23.0,1.2
93,Camden - Bloomsbury,10892,22.1,77.2,81.6,7.133676092544991,10.0,40.4,51.2,19.5,00AGGE,438.7,9.2,28.6,4.2,7.8,0.2
94,Kingston upon Thames - Grove,10955,52.9,77.7,88.8,12.8617069831127,9.4,23.2,31.4,11.2,00AXGF,366.4,23.6,13.2,2.2,8.5,0.8
95,Kingston upon Thames - Grove,10955,52.9,77.7,88.8,12.8617069831127,9.4,23.2,31.4,11.2,00AGGN,92.1,65.2,34.1,5.2,12.6,0.7
96,Camden - Highgate,10955,45.9,82.3,84.1,17.8183477863989,15.2,20.2,27.1,5.5,00AXGF,366.4,23.6,13.2,2.2,8.5,0.8
97,Camden - Highgate,10955,45.9,82.3,84.1,17.8183477863989,15.2,20.2,27.1,5.5,00AGGN,92.1,65.2,34.1,5.2,12.6,0.7
98,Bexley - Christchurch,10965,61.9,77.8,80.9,18.1030551755586,18.3,13.4,11.5,2.3,00ADGF,110.8,17.3,3.9,3.3,21.0,1.2
99,Sutton - Sutton Central,10993,78.5,75.7,80.3,18.7573910670427,11.5,24.1,26.9,99.7,00BFGM,179.9,12.9,22.7,5.6,18.6,0.8
100,Waltham Forest - Hatch Lane,11058,73.8,78.6,82.9,20.2930005425936,16.1,22.2,16.5,4.4,00BHGF,77.2,37.7,24.7,7.0,26.2,1.1
101,Hackney - Brownswood,11091,41.0,77.9,83.9,14.435127580921499,6.2,38.2,42.7,18.6,00AMGA,79.1,28.2,32.0,6.0,14.1,0.4
102,Hackney - King's Park,11098,66.2,77.2,85.7,25.5541539016039,9.2,62.0,43.3,13.4,00AMGL,61.9,67.7,57.9,13.6,24.6,0.5
103,Harrow - Rayners Lane,11124,64.9,82.1,85.0,20.631067961164998,13.9,65.5,48.0,17.6,00AQGP,44.4,10.7,2.2,3.2,13.7,1.3
104,Bexley - Colyers,11128,85.7,78.2,80.2,22.1872753414809,14.5,17.7,12.3,2.0,00ADGG,44.6,13.1,29.4,6.7,25.1,1.1
105,Harrow - Headstone South,11135,73.0,80.0,89.5,20.3682083520431,12.0,56.5,44.2,15.9,00ADGU,30.0,5.9,7.0,3.7,21.8,1.4
106,Harrow - Headstone South,11135,73.0,80.0,89.5,20.3682083520431,12.0,56.5,44.2,15.9,00AQGG,40.5,14.4,7.2,3.7,13.1,1.1
107,Harrow - Kenton East,11138,60.4,78.2,85.9,18.737654875202,12.4,73.4,57.1,24.7,00AQGH,45.6,7.2,14.8,3.7,23.4,1.2
108,Harrow - Kenton West,11173,64.8,82.0,86.6,17.9092455025508,14.3,72.6,51.3,20.4,00AQGJ,57.1,17.9,3.0,3.0,17.9,1.4
109,Merton - Wimbledon Park,11197,81.1,84.7,86.1,21.2021077074216,8.2,20.4,32.9,8.4,00BAGS,54.6,28.5,8.3,2.0,7.8,1.0
110,Bexley - Cray Meadows,11207,61.7,76.9,79.5,20.5139644864817,17.6,11.0,9.9,2.3,00ADGJ,46.2,61.6,22.8,4.1,25.1,1.2
111,Bexley - Crayford,11226,64.2,77.4,87.5,21.6907179761268,14.6,11.7,10.0,1.9,00ADGH,61.3,42.7,21.8,4.7,25.3,1.1
112,Harrow - Stanmore Park,11229,67.4,80.2,81.1,17.3479383738534,22.4,43.3,34.5,8.8,00AQGS,62.5,45.8,15.0,3.2,19.7,1.4
113,Merton - Figge's Marsh,11240,114.6,75.9,80.2,23.113879003558697,9.3,57.4,44.9,16.3,00BAGC,99.0,23.0,27.3,9.1,21.0,0.8
114,Westminster - Abbey Road,11250,68.5,81.5,85.1,17.4577777777778,14.0,35.4,56.9,20.4,00BKGA,56.8,7.2,9.1,2.4,10.0,0.7
115,Camden - Hampstead Town,11270,57.5,82.7,86.6,17.4977817213842,15.9,20.0,40.9,10.4,00AGGL,111.0,54.2,13.4,1.6,6.1,0.7
116,Waltham Forest - Larkswood,11337,71.4,77.5,83.6,19.978830378407,15.3,31.2,21.8,6.3,00BHGK,85.8,31.4,17.4,6.6,26.2,1.1
117,Harrow - Belmont,11343,81.1,82.1,85.5,21.246583796173898,13.0,58.7,41.6,13.2,00AQFY,56.1,11.0,3.7,2.8,15.1,1.5
118,Hounslow - Chiswick Homefields,11346,52.3,78.7,83.6,18.3324519654504,11.3,18.8,34.0,9.8,00ADGP,57.2,36.9,21.0,5.3,23.8,1.1
119,Hounslow - Chiswick Homefields,11346,52.3,78.7,83.6,18.3324519654504,11.3,18.8,34.0,9.8,00ATGA,103.6,42.2,16.4,2.3,9.3,0.9
120,Bexley - Lesnes Abbey,11346,75.5,79.6,84.3,20.9236735413362,15.6,31.0,23.3,5.0,00ADGP,57.2,36.9,21.0,5.3,23.8,1.1
121,Bexley - Lesnes Abbey,11346,75.5,79.6,84.3,20.9236735413362,15.6,31.0,23.3,5.0,00ATGA,103.6,42.2,16.4,2.3,9.3,0.9
122,Harrow - Harrow Weald,11376,65.1,80.6,85.7,19.743319268635698,17.1,48.3,36.7,10.5,00AQGD,65.5,56.3,15.9,4.7,19.4,1.3
123,Harrow - Wealdstone,11394,94.0,75.5,81.4,23.424609443566798,11.0,62.6,46.9,18.3,00AQGT,85.8,3.4,15.1,6.4,20.9,1.0
124,Hounslow - Hanworth Park,11408,72.7,77.7,82.4,20.468092566619898,12.0,30.8,28.5,10.9,00ATGG,99.1,41.4,21.3,3.8,23.4,1.1
125,Hounslow - Hounslow South,11409,60.7,83.6,88.7,19.3110098176718,12.5,45.1,38.7,13.2,00ATGN,54.8,17.9,5.1,2.9,15.7,1.3
126,Richmond upon Thames - Kew,11436,66.7,79.0,88.4,20.1556488282616,13.9,15.3,30.2,7.6,00BDGE,61.6,56.6,9.9,1.7,7.5,1.0
127,Hillingdon - Manor,11442,53.6,80.0,83.1,20.241216570529602,15.7,16.0,16.2,3.6,00ASGS,56.0,18.0,4.1,2.0,17.0,1.3
128,Waltham Forest - Valley,11444,75.2,77.5,80.9,21.1464522894093,13.4,38.4,25.6,7.9,00BHGQ,145.1,17.6,17.9,8.1,26.1,1.1
129,Hounslow - Turnham Green,11448,52.2,77.9,83.8,14.9807826694619,12.9,23.2,39.9,12.8,00ATGT,117.8,7.4,14.7,2.7,9.9,0.8
130,Merton - Cricket Green,11474,120.0,78.5,87.0,23.3135785253617,10.8,47.5,39.5,14.5,00BAGA,93.2,50.0,36.9,10.1,24.5,0.7
131,Croydon - Fieldway,11479,78.1,75.4,78.6,31.1089816186079,10.1,34.4,19.3,4.1,00AHGN,64.7,22.8,60.6,11.0,34.4,0.8
132,Islington - Clerkenwell,11490,29.2,77.6,84.9,12.236727589208,8.2,29.3,38.5,12.6,00AUGB,195.4,9.3,42.3,5.6,15.1,0.4
133,Redbridge - Church End,11516,67.5,81.4,84.6,18.2354984369573,11.9,26.5,22.1,5.8,00BCGC,89.3,3.3,8.2,3.7,12.3,1.1
134,Hounslow - Chiswick Riverside,11543,76.7,85.4,82.2,18.7559559906437,11.8,19.1,30.3,8.9,00ATGB,72.1,35.2,18.5,2.9,9.2,1.0
135,Hounslow - Chiswick Riverside,11543,76.7,85.4,82.2,18.7559559906437,11.8,19.1,30.3,8.9,00BCGU,85.9,64.2,14.3,3.0,15.2,1.1
136,Redbridge - Wanstead,11543,70.2,79.9,84.3,19.3797106471455,14.5,30.0,22.8,5.7,00ATGB,72.1,35.2,18.5,2.9,9.2,1.0
137,Redbridge - Wanstead,11543,70.2,79.9,84.3,19.3797106471455,14.5,30.0,22.8,5.7,00BCGU,85.9,64.2,14.3,3.0,15.2,1.1
138,Southwark - East Walworth,11557,58.2,74.5,81.9,18.499610625594897,8.3,51.8,43.8,13.7,00BEGJ,166.9,24.1,53.9,7.4,20.8,0.4
139,Hounslow - Feltham North,11563,84.3,73.5,77.3,19.9688662111909,13.6,38.9,35.7,14.1,00ATGD,110.8,36.4,22.3,4.6,26.1,1.1
140,Bexley - North End,11566,89.6,74.0,79.0,26.8026975618191,10.6,27.0,18.8,3.3,00ADGR,89.9,65.3,37.4,8.9,28.8,0.9
141,Hillingdon - Northwood Hills,11578,76.7,78.9,86.0,18.863361547763,17.5,33.3,27.9,7.1,00ASGU,59.7,33.3,15.5,2.6,16.6,1.3
142,Sutton - Wandle Valley,11630,79.3,77.3,84.6,24.067067927773,9.0,24.8,19.8,5.7,00BFGU,69.2,40.5,33.6,6.6,23.7,1.0
143,Haringey - Highgate,11632,50.0,79.5,85.4,15.362792297111401,11.7,18.9,31.5,8.2,00APGG,77.9,42.4,11.1,3.3,6.4,0.8
144,Islington - Highbury East,11634,64.2,76.7,80.5,17.0190820010315,9.7,23.5,30.9,9.3,00AUGD,96.6,21.6,31.1,4.7,13.4,0.5
145,Harrow - Edgware,11653,91.0,79.6,83.9,20.2866214708659,11.4,65.3,56.5,24.8,00AQGA,63.9,15.0,10.3,4.3,22.5,1.1
146,Sutton - Worcester Park,11655,83.0,81.1,83.7,20.7893607893608,13.4,20.0,21.5,6.1,00BFGW,42.3,22.3,6.4,2.4,17.2,1.2
147,Redbridge - Bridge,11658,50.0,79.4,83.6,20.029164522216497,13.4,28.1,21.6,6.7,00ASGK,43.1,17.7,7.3,2.4,17.2,1.4
148,Redbridge - Bridge,11658,50.0,79.4,83.6,20.029164522216497,13.4,28.1,21.6,6.7,00BCGA,62.8,36.0,13.8,4.5,19.9,1.1
149,Hillingdon - Cavendish,11658,59.2,80.6,84.0,20.6210327671985,15.7,19.7,16.7,3.7,00ASGK,43.1,17.7,7.3,2.4,17.2,1.4
150,Hillingdon - Cavendish,11658,59.2,80.6,84.0,20.6210327671985,15.7,19.7,16.7,3.7,00BCGA,62.8,36.0,13.8,4.5,19.9,1.1
151,Harrow - Roxeth,11663,69.2,81.6,82.6,22.841464460258898,11.0,66.3,48.4,19.8,00AQGR,64.1,18.4,9.5,5.2,17.3,1.2
152,Hackney - Wick,11734,53.4,74.9,82.7,22.3197545594,7.9,51.6,35.1,10.9,00AMGU,95.9,29.5,53.8,12.2,22.8,0.5
153,Camden - Fortune Green,11740,52.6,80.7,84.8,15.0425894378194,9.7,29.0,43.4,16.1,00AGGH,80.4,18.0,16.7,5.0,9.2,0.6
154,Haringey - Stroud Green,11758,40.0,77.0,89.9,16.2782786188127,6.9,25.9,31.3,9.0,00APGP,69.9,24.6,22.9,5.5,10.1,0.6
155,Westminster - Church Street,11760,54.3,73.4,76.4,23.163265306122398,11.4,61.7,52.7,27.2,00BKGE,111.0,7.6,55.8,12.4,28.1,0.3
156,Islington - Hillrise,11794,56.8,74.9,80.6,19.2470747837884,9.0,33.7,32.9,10.4,00AUGF,69.3,18.3,45.3,7.6,17.9,0.5
157,Haringey - Alexandra,11795,65.8,79.2,83.5,21.610852055955895,9.9,20.5,26.8,8.5,00APGA,101.8,52.3,9.0,3.4,8.0,1.0
158,Southwark - College,11812,69.5,75.8,81.6,20.4029800203183,11.7,36.6,30.7,5.3,00BEGG,92.9,43.7,27.2,5.8,13.6,0.8
159,Camden - King's Cross,11843,34.1,76.9,81.5,14.506459511947998,7.2,49.2,50.9,22.4,00AGGS,164.3,13.5,46.1,7.5,12.1,0.2
160,Redbridge - Snaresbrook,11865,68.8,77.9,84.8,15.4150863885377,17.6,30.2,27.2,6.5,00BCGS,67.8,10.6,11.8,2.8,14.9,1.0
161,Bexley - Belvedere,11890,78.6,77.9,82.5,22.354920100925103,12.7,28.4,20.4,5.1,00ADGB,67.6,33.2,16.1,6.1,23.7,1.0
162,Camden - Cantelowes,11925,46.0,77.2,82.5,16.1844863731656,9.1,31.9,35.9,12.6,00AGGG,110.4,7.4,40.3,6.2,13.9,0.4
163,Hounslow - Isleworth,11977,89.7,74.9,82.9,21.3242047257243,9.8,34.8,33.8,11.7,00ATGQ,83.3,22.6,34.1,4.9,19.9,0.9
164,Hounslow - Isleworth,11977,89.7,74.9,82.9,21.3242047257243,9.8,34.8,33.8,11.7,00ARGF,46.7,31.2,3.9,2.5,23.1,1.6
165,Havering - Emerson Park,11977,52.2,78.7,81.3,16.3062536528346,21.3,17.7,11.4,1.7,00ATGQ,83.3,22.6,34.1,4.9,19.9,0.9
166,Havering - Emerson Park,11977,52.2,78.7,81.3,16.3062536528346,21.3,17.7,11.4,1.7,00ARGF,46.7,31.2,3.9,2.5,23.1,1.6
167,Harrow - Queensbury,11984,68.8,77.7,85.2,21.1949265687583,11.6,75.0,57.5,26.2,00AQGN,55.4,23.3,3.9,3.2,20.8,1.2
168,Islington - Junction,12025,40.0,77.0,83.3,15.3929313929314,10.7,30.6,34.7,11.5,00AUGH,99.9,16.6,43.3,6.9,16.8,0.4
169,Westminster - Harrow Road,12034,77.5,77.1,92.1,18.8964600299152,8.5,49.0,48.2,17.9,00BKGF,95.3,3.0,43.4,10.4,18.4,0.4
170,Camden - Kilburn,12038,59.4,72.0,78.9,17.311845821565,11.2,40.1,47.9,18.7,00AGGR,135.2,13.4,42.1,8.0,17.4,0.4
171,Redbridge - Roding,12044,68.0,80.3,83.8,22.7499169711059,10.3,37.2,28.2,8.7,00BCGQ,69.1,35.7,15.9,5.0,15.9,1.1
172,Hillingdon - Uxbridge North,12048,63.1,77.2,83.0,17.886786188579,15.9,30.2,23.4,5.9,00ASGZ,106.1,34.5,12.7,2.9,16.8,1.3
173,Bexley - Erith,12053,106.7,78.3,82.8,23.637268729776803,11.7,31.4,23.1,5.6,00ADGM,86.0,44.6,20.2,6.6,23.6,1.0
174,Camden - West Hampstead,12060,55.6,77.9,83.0,12.545605306799299,8.4,30.5,43.3,13.9,00AGGX,97.6,8.8,22.2,4.6,9.5,0.5
175,Westminster - Regent's Park,12067,54.1,80.9,83.5,15.2979199469628,16.3,43.7,59.9,23.7,00BKGP,76.4,62.2,19.1,2.2,13.0,0.6
176,Islington - Canonbury,12072,50.0,74.7,84.1,17.3376408217363,9.7,28.2,29.7,9.1,00AUGA,103.9,14.4,47.2,6.8,19.2,0.4
177,Bexley - Thamesmead East,12094,117.0,77.9,83.8,27.1622292045642,6.8,52.7,38.1,7.6,00ADGX,68.5,70.5,38.4,9.7,20.8,0.8
178,Brent - Kenton,12133,57.9,83.7,86.2,16.7229868952444,17.2,70.0,53.9,19.6,00AEGS,59.7,17.0,5.6,2.6,17.3,1.4
179,Hounslow - Hanworth,12155,85.0,77.5,87.1,24.2040312628548,11.0,32.4,28.9,11.3,00ATGF,84.9,45.3,38.6,6.7,26.4,1.0
180,Hillingdon - Heathrow Villages,12199,86.9,75.8,82.8,20.8213788015411,9.4,50.0,43.2,17.1,00ASGP,308.0,31.4,14.8,3.7,19.2,1.1
181,Islington - Barnsbury,12201,45.1,75.0,79.5,14.884025899516402,9.4,28.9,35.5,10.9,00AUFX,150.3,11.0,38.5,5.0,16.3,0.5
182,Hackney - Clissold,12212,60.9,77.1,83.5,18.711103832296104,6.6,34.7,32.0,10.6,00AMGD,82.5,12.3,34.0,5.6,14.3,0.5
183,Croydon - Coulsdon East,12244,65.1,81.8,85.7,19.1849068931722,19.6,15.4,11.8,1.5,00AHGJ,39.3,56.8,12.5,3.5,18.2,1.4
184,Bromley - Crystal Palace,12255,70.6,75.5,82.0,19.216646266829898,7.8,38.1,30.3,8.3,00AFGP,111.5,49.3,33.2,8.2,16.9,0.6
185,Harrow - Marlborough,12259,75.1,78.9,84.3,20.694999592136398,10.6,62.9,51.6,20.2,00AQGK,83.2,8.3,11.1,6.1,17.1,0.9
186,Havering - Hacton,12262,45.4,80.6,85.2,16.5878323275159,19.7,7.3,7.3,1.7,00ARGH,32.8,24.1,4.4,3.1,25.3,1.3
187,Harrow - Harrow on the Hill,12270,78.4,81.2,84.2,20.814995925020398,11.7,52.6,44.2,15.1,00AQGC,65.0,43.4,13.8,3.4,13.3,1.0
188,Hackney - Lordship,12280,111.6,75.1,84.8,27.451140065146603,8.4,30.5,31.4,13.1,00AMGN,61.9,33.6,37.0,7.1,24.2,0.5
189,Hounslow - Heston Central,12288,80.8,77.2,83.2,20.8414713541667,10.9,76.6,54.7,23.9,00ATGH,78.6,15.8,19.5,4.6,17.3,1.1
190,Hounslow - Heston East,12319,83.5,85.6,86.2,20.383147982790803,10.5,77.4,56.5,26.1,00ATGJ,83.7,27.1,15.7,4.6,16.1,1.2
191,Southwark - East Dulwich,12321,76.7,81.2,82.9,17.5229283337391,8.7,28.2,25.9,5.6,00BEGH,65.3,0.7,20.3,4.6,12.3,0.7
192,Hounslow - Cranford,12330,117.4,78.4,86.8,21.3787510137875,10.1,73.9,56.2,26.5,00ATGC,105.0,26.6,29.1,6.0,20.2,1.0
193,Hillingdon - South Ruislip,12364,82.1,77.6,83.8,20.1957295373665,12.6,27.0,23.2,7.7,00AGGM,118.8,8.2,49.2,7.7,18.6,0.4
194,Hillingdon - South Ruislip,12364,82.1,77.6,83.8,20.1957295373665,12.6,27.0,23.2,7.7,00ASGX,85.0,62.8,10.1,3.4,18.3,1.2
195,Camden - Haverstock,12364,65.9,76.7,81.4,19.4920737625364,11.1,37.1,36.3,10.7,00AGGM,118.8,8.2,49.2,7.7,18.6,0.4
196,Camden - Haverstock,12364,65.9,76.7,81.4,19.4920737625364,11.1,37.1,36.3,10.7,00ASGX,85.0,62.8,10.1,3.4,18.3,1.2
197,Kingston upon Thames - Canbury,12373,77.1,77.2,81.6,21.700476844742603,7.9,21.4,27.5,9.5,00AXGA,48.7,7.0,12.5,1.9,9.0,0.9
198,Hackney - Springfield,12378,126.5,80.2,84.2,33.1879140410406,6.9,44.9,39.4,18.2,00AMGR,64.6,26.5,47.0,10.8,31.7,0.4
199,Haringey - Crouch End,12395,59.1,78.1,82.3,15.8612343686971,8.9,18.0,29.2,7.6,00APGD,80.9,14.2,10.2,3.4,6.4,0.7
200,Southwark - Village,12402,65.5,77.9,81.6,23.738106756974698,10.9,20.1,22.0,3.5,00BEGZ,83.3,33.8,15.5,2.8,9.4,1.0
201,Harrow - Greenhill,12420,63.3,76.4,82.1,16.8276972624799,10.4,58.5,52.7,20.7,00AQGB,151.9,7.7,11.4,5.3,11.7,0.8
202,Hounslow - Heston West,12438,87.3,79.7,82.5,22.969930857051,10.3,76.2,51.1,23.9,00ATGK,126.4,39.1,33.7,7.0,21.8,1.1
203,Hackney - Stoke Newington Central,12445,50.1,74.9,85.9,15.958216151064699,7.0,39.9,36.6,13.0,00AMGS,111.6,13.3,32.2,8.3,14.2,0.4
204,Westminster - Hyde Park,12462,46.0,87.9,91.3,12.7427379232868,9.9,44.7,64.2,34.1,00BKGG,155.4,8.9,9.8,2.9,11.1,0.5
205,Havering - Elm Park,12466,63.2,76.9,84.5,17.9207444248356,19.4,13.7,10.9,2.1,00ARGE,50.6,55.7,15.1,5.0,29.6,1.1
206,Harrow - Canons,12471,72.9,81.1,87.2,18.362601234864897,19.6,48.4,40.1,12.5,00AQFZ,52.4,57.3,10.2,2.9,17.8,1.3
207,Haringey - Fortis Green,12488,49.2,81.5,87.3,21.2764253683536,11.0,20.1,27.5,8.3,00APGE,71.2,24.6,11.2,3.5,9.2,0.9
208,Greenwich - Eltham North,12519,57.9,77.9,86.0,18.6117102004952,16.6,11.3,13.9,3.4,00ALGT,59.9,24.6,17.0,4.1,20.0,1.1
209,Lambeth - Thornton,12526,65.8,79.0,85.2,20.661025067858898,7.9,40.5,37.0,10.1,00AYGS,59.9,22.4,39.1,5.9,14.2,0.6
210,Havering - Cranham,12528,47.0,80.8,84.5,17.233397190293697,23.5,5.6,6.0,1.1,00ARGD,34.7,55.9,4.8,2.7,22.2,1.3
211,Greenwich - Eltham South,12541,61.9,77.4,85.8,16.2586715572921,15.7,16.8,17.5,4.6,00ALGU,94.6,54.6,22.4,5.5,21.5,1.0
212,Hackney - Hackney Central,12548,68.7,75.0,80.3,17.5964297099139,7.7,52.7,40.5,12.8,00AMGG,136.8,14.1,50.7,11.0,18.4,0.3
213,Hackney - New River,12551,128.2,79.9,82.8,28.882160784001304,7.7,39.3,40.2,19.4,00AMGP,75.2,28.0,44.5,8.5,29.0,0.4
214,Westminster - Queen's Park,12563,83.3,76.8,83.8,21.7702777998886,9.5,52.6,43.3,15.2,00BKGN,98.3,4.4,55.4,13.7,22.6,0.4
215,Havering - Heaton,12570,61.6,76.7,81.0,21.925218774860802,16.8,16.3,13.0,2.5,00ARGL,72.6,45.3,37.1,8.8,35.8,1.0
216,Redbridge - Barkingside,12609,68.7,81.0,85.7,20.2791656753113,14.8,64.2,40.5,12.8,00BCFZ,64.3,1.3,4.7,4.2,17.2,1.2
217,Redbridge - Barkingside,12609,68.7,81.0,85.7,20.2791656753113,14.8,64.2,40.5,12.8,00BHGC,118.8,40.4,13.6,7.4,19.3,0.8
218,Waltham Forest - Forest,12609,99.6,77.9,80.7,19.3591878816718,9.3,58.7,45.7,18.4,00BCFZ,64.3,1.3,4.7,4.2,17.2,1.2
219,Waltham Forest - Forest,12609,99.6,77.9,80.7,19.3591878816718,9.3,58.7,45.7,18.4,00BHGC,118.8,40.4,13.6,7.4,19.3,0.8
220,Camden - Camden Town with Primrose Hill,12613,56.3,79.6,84.4,15.373027828431,11.3,26.4,38.8,12.1,00AGGF,411.2,15.2,30.5,5.4,11.7,0.5
221,Hillingdon - Charville,12622,83.5,81.6,86.0,22.8014577721439,12.5,43.9,30.1,9.7,00ASGL,69.4,44.9,9.7,4.2,21.6,1.3
222,Southwark - South Camberwell,12629,56.9,76.4,84.6,19.684852324016198,7.1,44.1,35.8,7.7,00BEGW,72.6,20.0,37.9,6.8,12.4,0.6
223,Redbridge - Fairlop,12630,89.8,80.2,81.1,20.8471892319873,13.1,34.9,25.1,8.2,00BCGG,91.7,48.2,9.7,5.2,21.2,1.2
224,Havering - Harold Wood,12650,60.4,79.8,82.6,17.4466403162055,17.4,10.1,9.4,2.5,00ARGJ,72.9,60.7,16.0,4.8,25.8,1.2
225,Hounslow - Hounslow West,12658,95.8,76.4,81.5,17.4435139832517,11.2,75.9,62.6,29.4,00ATGP,130.4,10.2,18.9,4.6,16.3,0.9
226,Haringey - Hornsey,12659,57.5,74.7,83.2,18.1293941069595,8.2,31.0,32.2,10.5,00APGH,66.1,14.5,29.5,8.6,13.8,0.6
227,Waltham Forest - Cathall,12700,79.3,74.9,81.6,21.3622047244094,6.8,61.0,50.1,20.0,00BHFY,84.2,22.6,38.5,13.2,19.3,0.5
228,Hounslow - Bedfont,12701,83.9,77.3,80.9,22.234469726793197,11.2,35.7,31.0,12.5,00ATFY,94.5,52.5,26.9,5.1,24.0,1.1
229,Camden - Belsize,12702,83.4,82.3,83.9,17.4460714848055,12.0,27.8,46.3,14.0,00AGGD,67.6,1.3,19.6,3.3,8.4,0.6
230,Enfield - Grange,12709,60.0,82.5,86.1,17.6095680226611,18.8,19.6,22.1,6.4,00AKGT,70.2,27.4,3.4,3.1,16.1,1.3
231,Westminster - Westbourne,12759,69.0,73.8,78.0,21.8198918410534,9.5,52.8,51.5,24.1,00BKGU,99.0,19.2,48.5,10.0,22.4,0.4
232,Croydon - Sanderstead,12777,55.7,82.5,84.2,19.558581826719898,18.5,19.5,13.7,1.7,00AHGU,39.8,48.6,6.7,2.9,15.1,1.5
233,Redbridge - Cranbrook,12780,83.3,77.5,83.0,20.524256651017197,12.9,75.4,44.5,15.1,00BCGF,81.7,33.4,5.3,5.1,17.6,1.2
234,Brent - Northwick Park,12811,39.4,80.7,81.6,16.6887830770432,13.2,68.8,53.3,19.8,00AEGW,68.6,32.0,16.2,3.1,13.4,1.3
235,Harrow - Roxbourne,12828,62.1,75.0,84.5,24.454318677892104,9.8,66.3,48.4,20.9,00AQGQ,53.5,15.4,25.4,5.7,19.2,1.0
236,Havering - Upminster,12833,38.6,80.1,81.6,16.7770591443934,22.5,4.8,6.1,0.9,00ARGW,49.5,82.0,1.9,31.6,19.0,1.4
237,Southwark - Faraday,12839,65.5,78.3,83.5,23.2416854895241,7.0,60.7,45.9,14.6,00BEGK,108.6,30.0,68.4,10.3,21.8,0.4
238,Lambeth - Clapham Common,12852,43.3,77.8,82.1,15.6084656084656,6.8,24.3,33.5,7.6,00AYGB,91.7,27.9,23.7,3.8,8.3,0.7
239,Greenwich - Blackheath Westcombe,12875,69.3,79.4,83.8,16.2796116504854,15.0,16.9,23.0,5.2,00ALGQ,76.4,15.5,22.4,3.4,12.1,0.8
240,Waltham Forest - Leytonstone,12879,60.0,76.8,84.0,16.422082459818302,7.5,47.6,42.6,15.4,00BHGN,109.2,5.8,15.4,7.5,15.1,0.7
241,Camden - Swiss Cottage,12900,68.6,81.6,85.0,16.4883720930233,11.6,32.4,51.2,17.8,00AGGW,87.0,14.5,16.5,2.9,9.0,0.6
242,Hillingdon - Hillingdon East,12906,83.7,77.6,83.5,23.113280644661398,11.9,34.4,23.3,6.4,00ASGQ,74.9,48.1,14.8,4.5,19.3,1.3
243,Redbridge - Fullwell,12910,75.1,78.8,83.2,21.5491866769946,15.6,48.5,29.6,8.0,00BCGH,76.8,24.9,14.9,6.1,23.4,1.2
244,Havering - Mawneys,12915,65.3,80.2,89.2,19.4192799070848,18.1,11.5,9.3,2.5,00ARGN,59.9,32.1,11.4,5.0,29.6,1.2
245,Islington - Mildmay,12917,48.5,76.9,81.0,18.255012773863896,7.8,34.5,33.8,10.6,00AUGJ,88.9,10.4,47.0,6.8,17.4,0.4
246,Hackney - Hackney Downs,12921,67.4,74.9,83.3,18.8839873074839,7.2,51.7,39.5,15.5,00AMGH,90.8,33.8,43.1,11.6,19.3,0.4
247,Tower Hamlets - Bow West,12939,60.3,74.0,80.9,19.2596027513718,7.8,40.7,32.0,11.3,00BGGA,145.3,43.0,39.0,8.8,20.3,0.5
248,Havering - Hylands,12952,43.1,77.8,84.5,17.634342186534898,16.2,9.7,7.9,1.7,00ARGM,61.9,26.0,7.2,3.2,23.7,1.4
249,Redbridge - Hainault,12953,80.4,78.1,83.8,23.0448544738671,14.1,29.8,22.2,7.4,00BCGK,91.1,59.8,27.3,8.4,28.9,1.0
250,Havering - Pettits,12955,59.6,81.0,83.9,17.020455422616802,20.8,8.7,7.4,1.7,00ARGP,55.9,32.4,5.4,3.2,25.7,1.4
251,Hillingdon - Yiewsley,12979,72.0,74.9,81.1,22.343786116033602,9.3,33.8,27.7,10.0,00ASHE,117.7,41.3,27.3,5.5,23.7,1.0
252,Havering - Havering Park,13000,58.0,75.3,79.0,21.2692307692308,15.9,12.0,9.1,1.5,00ARGK,51.8,75.3,20.6,6.4,30.4,1.3
253,Enfield - Highlands,13006,50.7,81.5,90.5,16.9075811164078,18.5,20.8,20.9,5.4,00AKGW,40.6,56.5,7.4,3.3,18.7,1.2
254,Brent - Brondesbury Park,13023,67.2,80.3,84.7,16.7933655839668,12.1,43.8,47.2,16.2,00AGGP,480.3,7.5,42.5,6.0,12.9,0.3
255,Brent - Brondesbury Park,13023,67.2,80.3,84.7,16.7933655839668,12.1,43.8,47.2,16.2,00AEGL,91.6,9.6,21.5,5.3,15.9,0.7
256,Redbridge - Goodmayes,13069,103.0,79.9,83.2,24.087535389088696,8.0,75.2,46.3,18.5,00BCGJ,93.8,30.6,8.5,8.4,18.1,1.0
257,Southwark - Brunswick Park,13174,73.3,78.8,90.7,19.6599362380446,7.1,53.3,40.6,10.7,00BEGC,100.1,7.0,46.6,10.1,15.2,0.5
258,Waltham Forest - Higham Hill,13194,107.4,75.8,88.0,24.4808246172503,7.6,51.9,40.3,15.7,00ARGU,52.7,16.7,8.8,3.9,20.0,1.3
259,Waltham Forest - Higham Hill,13194,107.4,75.8,88.0,24.4808246172503,7.6,51.9,40.3,15.7,00BHGH,79.5,56.7,33.6,11.5,23.7,0.7
260,Havering - Squirrel's Heath,13194,63.0,81.6,89.5,17.7656510535092,16.3,11.5,9.4,1.3,00ARGU,52.7,16.7,8.8,3.9,20.0,1.3
261,Havering - Squirrel's Heath,13194,63.0,81.6,89.5,17.7656510535092,16.3,11.5,9.4,1.3,00BHGH,79.5,56.7,33.6,11.5,23.7,0.7
262,Westminster - Lancaster Gate,13195,46.5,93.7,88.1,11.5953012504737,8.4,33.7,64.6,32.2,00BKGJ,172.3,8.6,10.5,3.4,7.1,0.4
263,Tower Hamlets - Weavers,13206,55.1,78.9,82.2,17.3406027563229,7.0,47.9,41.2,16.7,00BGGM,195.8,15.0,43.4,11.7,20.6,0.3
264,Croydon - Heathfield,13213,56.9,84.1,83.7,19.049421024748398,15.9,24.6,16.9,2.8,00AHGP,82.2,61.3,9.3,4.2,17.2,1.3
265,Hackney - Victoria,13231,62.9,79.4,86.8,20.6409190537374,7.4,44.2,34.0,10.4,00AMGT,109.7,20.9,52.3,12.5,19.5,0.4
266,Hackney - Chatham,13232,63.2,72.5,81.4,21.9543530834341,6.9,54.4,41.3,14.4,00AMGC,134.3,20.5,51.0,14.1,21.1,0.4
267,Redbridge - Clayhall,13241,63.8,84.0,85.4,21.901669058228197,14.3,71.0,38.8,10.9,00BCGD,66.7,19.9,4.9,3.6,17.0,1.4
268,Waltham Forest - William Morris,13269,102.7,77.5,80.7,22.413143416987,8.0,51.8,43.6,16.9,00BHGR,81.0,5.3,21.4,9.0,20.4,0.6
269,Haringey - Harringay,13272,64.0,78.4,81.8,14.7679324894515,7.5,34.5,49.2,24.3,00APGF,108.9,45.4,13.9,9.3,14.0,0.5
270,Islington - Tollington,13311,46.2,72.4,80.8,17.7221846593043,8.0,35.8,34.5,12.6,00AUGN,87.4,13.3,41.9,7.8,17.3,0.4
271,Ealing - Walpole,13330,66.8,79.0,85.5,17.9594898724681,10.5,27.1,38.0,14.1,00AJHB,100.1,20.1,12.0,3.6,10.2,0.8
272,Tower Hamlets - Mile End East,13354,74.3,73.4,78.7,23.895462033847497,5.7,66.0,43.5,20.0,00BGGF,113.9,33.4,52.9,14.8,23.3,0.4
273,Waltham Forest - Wood Street,13368,102.1,75.3,83.2,23.3019150209455,9.2,50.4,38.7,14.4,00BHGS,89.4,34.4,30.9,9.8,20.8,0.7
274,Haringey - West Green,13372,65.0,75.6,86.2,19.7427460364942,9.5,47.8,54.6,25.9,00APGS,94.7,38.2,36.0,12.0,23.9,0.5
275,Hackney - Cazenove,13392,116.6,74.4,86.7,28.3751493428913,5.4,43.3,36.4,16.4,00AMGB,63.2,12.8,33.8,9.9,23.5,0.4
276,Enfield - Winchmore Hill,13403,68.8,78.5,81.5,18.421248974110302,14.9,23.8,27.0,8.1,00AKHH,54.1,25.2,6.4,3.9,15.4,1.2
277,Newham - Custom House,13411,91.8,73.7,77.4,24.054880322123605,6.6,53.5,46.9,19.6,00BBGF,136.0,30.6,41.4,9.5,25.3,0.7
278,Camden - Kentish Town,13417,55.2,73.5,78.4,15.800849668331198,9.6,28.4,34.2,10.4,00AGGQ,126.3,5.3,33.3,5.6,13.6,0.4
279,Brent - Dollis Hill,13425,81.2,79.8,87.5,25.065176908752303,11.3,64.3,54.5,22.0,00AEGM,94.9,26.6,22.1,8.0,24.4,0.9
280,Haringey - White Hart Lane,13431,73.0,74.2,79.0,27.4067455885638,8.4,52.5,44.6,19.2,00APGT,97.8,27.8,48.7,14.4,30.0,0.6
281,Greenwich - Shooters Hill,13433,87.2,78.0,86.2,20.7474130871734,12.4,33.5,23.8,5.2,00ALHD,51.1,57.1,19.5,5.9,19.4,1.0
282,Southwark - Surrey Docks,13435,57.5,85.5,82.9,12.169705991812402,5.7,30.9,42.7,15.4,00BEGX,85.7,40.3,23.9,3.7,11.8,0.6
283,Ealing - Southall Broadway,13439,103.1,81.2,82.4,21.1846119502939,10.5,93.7,64.1,36.0,00AJGY,147.1,14.1,16.4,8.5,23.8,0.9
284,Brent - Fryent,13445,94.0,82.2,90.2,20.8627742655262,11.8,62.7,55.9,21.9,00AEGP,78.7,39.3,13.9,5.1,20.3,1.1
285,Croydon - Coulsdon West,13449,58.7,80.0,82.8,20.1055840582943,15.3,25.2,16.9,2.4,00AHGK,41.2,17.1,4.6,2.7,15.1,1.5
286,Croydon - Coulsdon West,13449,58.7,80.0,82.8,20.1055840582943,15.3,25.2,16.9,2.4,00ASGG,96.8,27.8,19.2,5.8,22.4,1.2
287,Hillingdon - Barnhill,13449,75.1,75.6,82.5,24.3215108930032,9.6,68.4,45.4,19.0,00AHGK,41.2,17.1,4.6,2.7,15.1,1.5
288,Hillingdon - Barnhill,13449,75.1,75.6,82.5,24.3215108930032,9.6,68.4,45.4,19.0,00ASGG,96.8,27.8,19.2,5.8,22.4,1.2
289,Ealing - Southfield,13474,74.3,80.7,86.7,17.307406857651802,10.0,20.8,36.2,10.7,00AJHA,72.4,14.3,9.8,3.1,9.0,0.8
290,Ealing - Northfield,13517,63.4,84.2,85.2,18.8281423392765,11.0,23.2,36.2,11.1,00AJGQ,49.0,25.6,6.7,2.6,8.7,0.9
291,Southwark - Peckham Rye,13518,75.6,75.6,81.2,20.2914632342062,8.0,35.8,28.8,5.9,00BEGR,62.3,45.7,25.3,5.8,13.8,0.7
292,Camden - Regent's Park,13528,53.5,74.8,83.8,15.915138971023099,9.6,44.3,45.2,15.6,00AGGT,182.8,27.0,48.0,6.7,17.5,0.4
293,Havering - South Hornchurch,13544,63.2,76.9,81.8,21.0351447135263,16.6,16.4,11.8,2.5,00ARGT,87.6,45.0,19.8,7.3,31.4,1.2
294,Hounslow - Syon,13554,80.3,73.0,79.4,19.1382617677438,9.5,34.2,36.7,13.5,00ATGS,94.2,42.5,27.4,4.1,16.4,0.9
295,Hillingdon - Yeading,13586,105.9,78.4,82.4,25.813337258943,7.6,64.1,42.7,17.4,00ASHD,100.8,33.3,21.8,6.0,19.8,1.1
296,Southwark - Nunhead,13620,70.4,71.2,77.3,19.6182085168869,8.9,55.5,39.0,9.1,00BEGP,98.5,20.1,47.4,11.3,21.1,0.5
297,Waltham Forest - Markhouse,13636,97.6,75.9,78.0,23.166617776474,7.8,58.2,45.8,19.0,00BHGP,105.4,29.0,24.4,11.3,20.8,0.6
298,Lambeth - Thurlow Park,13641,61.1,76.8,84.0,21.0615057547101,8.8,36.3,30.3,8.7,00AYGT,103.6,19.7,27.1,5.9,12.7,0.7
299,Hackney - De Beauvoir,13643,53.7,77.7,81.5,16.103496298468098,7.0,39.9,37.8,11.7,00AMGF,100.9,14.2,39.9,9.4,15.6,0.4
300,Hackney - Queensbridge,13670,69.8,75.9,82.6,17.542062911485,8.2,44.7,38.3,11.8,00AMGQ,149.1,15.6,50.1,12.2,18.8,0.4
301,Redbridge - Mayfield,13672,111.4,78.1,82.9,24.2612638970158,11.6,73.3,41.1,13.5,00BCGM,80.2,16.8,7.6,7.0,20.5,1.2
302,Tower Hamlets - Bethnal Green North,13683,54.5,73.6,78.6,18.5558722502375,7.0,49.4,38.7,15.0,00BGFW,123.6,6.1,46.0,12.8,22.1,0.4
303,Haringey - Bounds Green,13725,61.9,74.2,81.6,18.6739526411658,9.2,39.8,48.5,21.5,00APGB,92.6,25.3,28.4,8.5,17.3,0.6
304,Southwark - Rotherhithe,13743,54.8,76.3,79.2,17.2378665502438,7.4,40.9,43.4,15.2,00BEGT,107.2,34.1,45.6,5.8,17.5,0.5
305,Brent - Welsh Harp,13753,85.0,81.2,88.5,21.3480695121064,11.4,61.3,55.0,22.9,00AEHD,85.3,34.2,19.2,7.7,22.6,0.9
306,Enfield - Chase,13762,63.5,76.8,80.8,22.1915419270455,13.2,23.4,21.0,7.0,00AKGN,52.5,81.5,21.3,6.5,22.4,1.1
307,Southwark - South Bermondsey,13780,60.5,77.2,81.1,20.5297532656023,7.2,44.8,41.1,14.6,00BEGU,107.3,3.0,52.3,8.7,21.9,0.5
308,Enfield - Southgate Green,13787,57.8,78.2,85.2,18.1112642344237,15.3,33.2,36.2,14.0,00AKHD,65.9,20.6,12.0,4.3,16.3,1.1
309,Enfield - Cockfosters,13788,46.1,81.5,86.8,17.2251232956194,19.0,26.3,30.5,9.5,00AKGP,55.9,68.8,12.0,4.3,19.0,1.3
310,Lambeth - Clapham Town,13795,37.9,75.5,81.7,14.5922435665096,7.3,29.3,35.2,7.8,00AYGC,179.5,13.2,29.7,5.1,10.9,0.5
311,Waltham Forest - Cann Hall,13799,106.8,77.0,81.3,21.689977534604,7.1,57.0,48.8,18.2,00BHFX,84.6,5.0,28.3,10.5,19.2,0.6
312,Hillingdon - Brunel,13841,47.2,78.2,83.4,15.526334802398699,11.1,38.2,29.3,9.8,00ASGJ,90.4,40.5,22.0,3.3,17.6,1.1
313,Newham - East Ham North,13866,92.8,71.3,76.9,21.8736477715275,7.9,90.8,60.2,31.5,00BBGH,79.7,12.3,17.6,8.9,19.9,0.7
314,Islington - Caledonian,13896,49.2,75.5,81.9,15.2489925158319,9.0,34.7,37.3,14.4,00AUFZ,116.7,16.4,44.7,6.3,21.0,0.4
315,Ealing - Lady Margaret,13897,91.3,78.2,81.9,20.1986040152551,11.0,83.5,55.9,25.2,00AJGP,64.1,19.4,7.3,6.1,19.8,1.3
316,Hackney - Haggerston,13904,39.8,73.8,84.1,15.9882048331415,5.7,45.6,45.9,17.4,00AMGJ,382.1,19.1,44.1,10.4,16.1,0.3
317,Ealing - Dormers Wells,13910,76.8,77.0,82.3,22.393961179007896,11.6,82.1,56.0,29.1,00AJGE,80.6,47.3,28.4,8.9,23.5,1.0
318,Waltham Forest - Hoe Street,13912,79.1,75.9,81.7,21.075330649798698,8.8,49.9,42.8,17.2,00BHGJ,110.2,10.6,27.0,11.5,19.0,0.6
319,Enfield - Bush Hill Park,13923,61.1,79.6,84.0,18.0205415499533,17.2,26.8,25.7,7.7,00AKGM,53.7,29.6,5.2,4.1,20.4,1.3
320,Haringey - Noel Park,13939,53.0,74.8,84.7,19.097496233589197,8.5,45.2,51.7,25.4,00APGK,247.3,11.5,38.2,12.1,20.8,0.5
321,Hillingdon - Uxbridge South,13979,36.6,75.1,81.8,13.2627512697618,9.6,37.9,30.9,10.0,00ASHA,123.0,26.2,22.2,3.9,14.1,1.0
322,Brent - Alperton,14017,87.6,76.7,87.0,19.0054933295284,9.5,81.8,66.8,32.3,00AEGJ,103.1,17.7,12.1,4.5,22.1,0.9
323,Ealing - Ealing Common,14019,49.6,77.0,86.3,15.222198444967502,11.3,31.5,43.1,15.4,00AJGG,91.3,22.2,14.6,4.8,10.8,0.9
324,Ealing - Ealing Broadway,14029,49.7,79.7,85.0,14.5484353838477,11.9,30.5,44.3,18.6,00AJGF,159.6,6.1,11.0,3.4,7.3,0.8
325,Ealing - Norwood Green,14032,70.7,78.2,79.9,20.6242873432155,10.7,78.0,50.7,25.6,00AJGU,124.6,47.6,34.7,10.1,21.8,1.1
326,Hackney - Leabridge,14039,71.9,73.7,78.1,21.091245815229,7.0,52.7,40.7,17.3,00AMGM,84.4,23.0,32.0,11.4,18.5,0.5
327,Hackney - Leabridge,14039,71.9,73.7,78.1,21.091245815229,7.0,52.7,40.7,17.3,00AZGE,106.9,34.6,28.8,4.7,13.2,0.7
328,Lewisham - Blackheath,14039,56.8,77.4,82.4,18.3845003205357,10.9,30.2,29.3,7.4,00AMGM,84.4,23.0,32.0,11.4,18.5,0.5
329,Lewisham - Blackheath,14039,56.8,77.4,82.4,18.3845003205357,10.9,30.2,29.3,7.4,00AZGE,106.9,34.6,28.8,4.7,13.2,0.7
330,Greenwich - Peninsula,14051,68.2,74.6,85.1,16.9240623443171,8.3,30.6,33.0,10.4,00AKGL,61.8,15.3,10.7,6.8,16.7,0.8
331,Greenwich - Peninsula,14051,68.2,74.6,85.1,16.9240623443171,8.3,30.6,33.0,10.4,00ALHB,167.4,33.7,30.6,4.1,15.0,0.6
332,Enfield - Bowes,14051,85.4,78.5,83.8,17.2443242473845,10.6,38.6,47.5,23.3,00AKGL,61.8,15.3,10.7,6.8,16.7,0.8
333,Enfield - Bowes,14051,85.4,78.5,83.8,17.2443242473845,10.6,38.6,47.5,23.3,00ALHB,167.4,33.7,30.6,4.1,15.0,0.6
334,Waltham Forest - Chapel End,14086,103.4,75.8,86.7,24.116143688769004,8.0,48.5,36.9,14.1,00BHFZ,95.7,31.2,15.7,8.2,18.7,0.9
335,Hillingdon - Townfield,14106,94.6,74.8,79.4,23.1958032043102,9.8,62.9,44.7,18.1,00ASGY,147.8,30.8,30.1,7.9,24.7,1.0
336,Redbridge - Valentines,14123,99.7,75.9,86.4,24.031721305671603,8.7,77.6,50.3,21.0,00BCGT,146.7,13.8,8.9,8.8,16.6,0.8
337,Waltham Forest - High Street,14127,97.4,78.4,81.7,19.5087421250088,7.6,50.7,44.4,18.0,00BHGG,209.2,56.4,19.0,8.3,18.3,0.6
338,Southwark - Livesey,14129,80.0,77.0,81.5,23.568546960152897,9.1,62.2,44.3,11.9,00BEGM,126.4,4.5,66.9,13.1,23.8,0.4
339,Southwark - Newington,14136,48.1,77.5,83.2,17.282116581777,8.5,48.2,42.5,13.6,00BEGN,97.6,3.8,54.2,7.8,19.4,0.4
340,Lambeth - Vassall,14143,47.1,74.3,82.1,18.0159796365693,7.2,52.7,40.0,12.1,00AYGW,100.4,16.8,53.2,11.0,16.0,0.4
341,Wandsworth - Shaftesbury,14160,51.0,80.8,84.9,12.718926553672302,7.7,18.8,29.0,5.7,00BJGN,84.9,2.4,22.6,2.8,10.9,0.6
342,Wandsworth - Shaftesbury,14160,51.0,80.8,84.9,12.718926553672302,7.7,18.8,29.0,5.7,00ANGB,73.1,3.6,34.8,6.7,13.7,0.5
343,Tower Hamlets - Bethnal Green South,14166,51.0,77.1,87.3,19.709162784131,5.3,64.3,45.5,23.1,00BGFX,128.5,16.9,44.9,10.9,21.4,0.3
344,Waltham Forest - Leyton,14184,83.6,79.0,80.7,24.280879864636198,7.4,63.5,48.8,20.8,00BHGM,104.6,27.1,34.5,12.5,21.1,0.6
345,Ealing - Hobbayne,14229,77.7,77.5,86.0,22.6017288635884,11.3,37.7,40.7,17.2,00AJGN,65.4,36.1,25.2,5.6,18.2,0.9
346,Lewisham - Whitefoot,14249,71.4,77.5,82.7,25.791283598849002,11.3,50.5,29.5,6.8,00AZGX,95.8,27.9,34.5,8.8,25.9,0.8
347,Redbridge - Chadwell,14257,90.5,77.9,81.8,24.668583853545602,10.3,56.9,31.6,9.9,00BCGB,67.1,4.8,10.0,6.5,18.5,1.0
348,Lambeth - Prince's,14262,65.9,74.5,81.5,16.8980507642687,9.3,43.4,38.5,12.4,00AYGL,142.1,20.7,47.1,8.9,16.3,0.4
349,Lambeth - Streatham Hill,14263,57.1,76.4,79.9,18.3201290051181,8.4,37.9,37.8,12.4,00AYGP,81.5,14.2,24.9,6.5,13.5,0.6
350,Croydon - Shirley,14296,71.4,83.0,85.4,20.628147733631803,16.7,30.9,19.7,3.9,00AHGY,39.6,16.0,18.5,4.7,19.1,1.2
351,Greenwich - Kidbrooke with Hornfair,14300,73.2,76.2,84.1,20.3216783216783,11.9,33.6,27.3,7.6,00ALGZ,72.7,28.2,32.1,6.8,23.7,0.9
352,Lambeth - Streatham South,14336,69.3,81.3,84.5,20.6682477678571,10.9,52.5,44.5,15.8,00AYGQ,69.7,26.6,15.5,7.6,17.0,0.8
353,Ealing - Greenford Green,14349,94.4,79.0,84.0,20.9631333193951,11.9,49.0,50.1,21.9,00AJGL,87.0,22.6,9.7,4.8,17.8,1.1
354,Hounslow - Brentford,14353,62.7,76.7,85.7,17.9126315056086,9.9,33.9,38.3,15.0,00ATFZ,84.3,42.9,37.7,3.9,17.2,0.8
355,Enfield - Jubilee,14355,92.0,77.2,82.2,23.7965865552072,11.9,50.9,40.8,16.9,00AKGX,61.4,60.6,15.5,9.1,28.5,1.0
356,Islington - Finsbury Park,14358,46.8,74.2,78.8,18.4148210057111,8.5,42.9,41.6,17.5,00AUGC,182.9,15.9,43.4,9.6,20.6,0.3
357,Hillingdon - West Drayton,14370,77.9,75.3,81.9,22.7557411273486,11.5,33.5,27.6,9.2,00ASHB,81.8,32.0,26.4,5.3,24.3,1.1
358,Enfield - Turkey Street,14377,74.1,76.2,81.4,25.512972108228396,11.5,37.9,31.0,14.1,00AKHF,74.6,30.5,26.3,9.5,30.2,1.0
359,Greenwich - Charlton,14385,89.3,74.1,79.9,21.8143899895725,10.7,36.2,31.0,9.4,00ALGR,66.2,31.6,41.1,7.4,20.8,0.7
360,Southwark - Riverside,14390,50.0,78.0,80.8,12.4461431549687,6.4,31.2,40.5,12.7,00BEGS,147.9,23.2,34.3,4.7,13.5,0.5
361,Enfield - Southgate,14454,67.0,81.1,85.4,18.8390756883908,14.1,31.6,33.2,11.7,00AKHC,59.3,27.2,7.4,4.6,16.1,1.1
362,Haringey - Bruce Grove,14483,83.9,75.2,83.0,22.460816129255,8.4,55.9,55.5,23.5,00APGC,111.6,4.9,28.2,15.3,22.5,0.5
363,Enfield - Southbury,14506,87.5,79.6,81.3,24.982765752102605,9.5,36.2,30.2,12.0,00AKHB,103.3,29.3,24.0,8.1,24.6,0.9
364,Haringey - Woodside,14514,59.0,74.0,84.4,19.1883698498002,8.5,43.2,54.2,25.6,00APGU,99.2,26.8,23.2,9.2,20.0,0.6
365,Lewisham - Ladywell,14515,63.6,74.5,79.2,18.325869789872502,8.9,45.4,35.4,9.4,00AZGN,90.7,25.6,23.6,6.1,12.8,0.7
366,Ealing - Elthorne,14539,71.4,74.8,85.5,19.698741316459202,9.7,34.9,40.6,16.9,00AJGJ,103.8,34.2,20.2,5.9,15.1,0.8
367,Redbridge - Aldborough,14544,69.2,77.4,82.2,23.0060506050605,12.4,61.3,38.4,12.8,00BCFY,100.4,76.8,11.3,5.3,19.6,1.1
368,Ealing - Cleveland,14558,59.1,76.8,85.9,21.706278334936105,11.9,36.9,39.6,15.1,00AJGD,52.3,34.8,21.5,5.6,13.1,0.9
369,Lewisham - Downham,14567,66.7,74.3,81.8,24.7065284547264,12.7,41.7,24.8,6.2,00AZGJ,90.4,30.1,40.9,9.9,30.2,0.7
370,Lewisham - Lee Green,14573,78.0,77.1,81.2,19.309682289164897,10.9,33.7,28.9,8.1,00AZGP,84.4,11.9,21.2,6.3,14.6,0.7
371,Wandsworth - Bedford,14575,51.1,78.2,82.6,14.6415094339623,7.5,27.6,30.3,8.3,00BJGA,62.2,47.9,16.1,2.9,9.1,0.7
372,Ealing - Southall Green,14579,111.7,75.9,87.1,22.326634199876498,8.2,91.4,63.3,36.7,00AJGZ,102.7,16.3,13.6,10.9,23.6,0.9
373,Haringey - Tottenham Green,14580,64.6,72.5,82.8,20.418381344307303,8.2,52.8,55.0,25.8,00APGQ,151.9,10.5,39.2,12.7,22.7,0.4
374,Waltham Forest - Grove Green,14604,80.5,74.4,80.8,19.042728019720602,7.1,53.2,53.0,21.2,00BHGD,69.1,4.3,9.1,7.1,15.7,0.6
375,Croydon - Purley,14607,79.6,79.6,83.6,19.4632710344355,15.0,31.6,23.1,5.0,00AHGT,81.7,3.8,7.6,4.4,12.9,1.2
376,Wandsworth - Fairfield,14613,46.2,77.2,80.3,12.6736467528913,6.7,22.1,32.5,7.1,00BJGD,83.7,11.2,15.2,2.4,8.5,0.7
377,Islington - Bunhill,14639,44.5,75.5,82.1,13.4503722931894,7.9,34.5,41.9,16.6,00AUFY,179.7,13.5,47.3,6.5,15.8,0.3
378,Lewisham - Grove Park,14648,66.4,77.2,82.2,20.8287820862916,12.6,37.5,26.9,7.0,00AZGM,69.9,21.6,26.7,7.1,22.5,0.9
379,Redbridge - Clementswood,14666,93.1,76.7,81.2,26.639847265784802,7.4,84.2,55.6,25.1,00BCGE,183.3,7.7,10.7,9.1,18.6,0.8
380,Wandsworth - Nightingale,14679,63.3,75.3,79.2,16.2068260780707,9.5,21.4,27.7,6.7,00BJGH,63.7,9.5,13.1,2.7,8.9,0.7
381,Havering - Gooshays,14692,68.6,76.3,80.4,23.2371358562483,12.9,12.8,10.7,2.6,00ARGG,86.2,68.4,41.9,9.3,34.2,1.0
382,Ealing - North Greenford,14713,87.7,79.8,87.4,20.288180520628,11.4,56.4,51.4,22.1,00AJGR,69.6,53.3,8.3,3.8,16.9,1.2
383,Southwark - Peckham,14720,89.0,75.8,77.8,24.2663043478261,6.2,70.8,47.6,12.3,00BEGQ,126.2,7.0,59.4,14.4,19.6,0.5
384,Croydon - Ashburton,14721,60.0,78.5,82.3,21.7784117926771,13.2,36.7,22.3,4.8,00AHGF,62.7,22.2,21.5,5.4,19.5,1.1
385,Brent - Wembley Central,14727,88.1,76.8,88.2,18.2114483601548,9.7,86.0,68.5,32.9,00AMGE,198.0,17.1,38.9,12.0,15.9,0.4
386,Brent - Wembley Central,14727,88.1,76.8,88.2,18.2114483601548,9.7,86.0,68.5,32.9,00AEHE,156.3,20.1,15.6,6.0,20.7,0.8
387,Brent - Wembley Central,14727,88.1,76.8,88.2,18.2114483601548,9.7,86.0,68.5,32.9,00ATGM,97.3,48.7,20.0,6.0,15.7,0.9
388,Hounslow - Hounslow Heath,14727,97.2,76.0,87.6,23.114008284104,7.8,72.6,58.0,27.7,00AMGE,198.0,17.1,38.9,12.0,15.9,0.4
389,Hounslow - Hounslow Heath,14727,97.2,76.0,87.6,23.114008284104,7.8,72.6,58.0,27.7,00AEHE,156.3,20.1,15.6,6.0,20.7,0.8
390,Hounslow - Hounslow Heath,14727,97.2,76.0,87.6,23.114008284104,7.8,72.6,58.0,27.7,00ATGM,97.3,48.7,20.0,6.0,15.7,0.9
391,Hackney - Dalston,14727,57.2,80.9,79.8,16.4595640660012,6.2,44.5,40.8,14.0,00AMGE,198.0,17.1,38.9,12.0,15.9,0.4
392,Hackney - Dalston,14727,57.2,80.9,79.8,16.4595640660012,6.2,44.5,40.8,14.0,00AEHE,156.3,20.1,15.6,6.0,20.7,0.8
393,Hackney - Dalston,14727,57.2,80.9,79.8,16.4595640660012,6.2,44.5,40.8,14.0,00ATGM,97.3,48.7,20.0,6.0,15.7,0.9
394,Wandsworth - West Putney,14742,50.4,75.6,79.9,17.799484466151103,13.3,22.9,34.4,9.5,00BJGU,51.6,20.5,22.9,3.8,14.5,0.8
395,Wandsworth - Balham,14751,59.5,79.3,84.4,15.687072062911,7.8,19.4,28.5,6.5,00BJFZ,90.3,11.7,10.9,2.4,7.1,0.7
396,Lambeth - Knight's Hill,14763,73.7,74.4,79.4,23.2473074578338,9.0,47.7,35.3,11.6,00AYGH,90.8,13.3,30.6,9.1,15.9,0.6
397,Hillingdon - Pinkwell,14767,94.4,74.5,86.2,26.335748628699104,8.6,68.2,45.3,18.5,00ASGW,97.8,26.9,20.4,6.0,22.0,1.2
398,Lewisham - Bellingham,14775,76.6,75.2,79.1,25.1573604060914,10.2,51.3,29.6,6.2,00AZGD,103.1,46.7,44.0,9.5,25.4,0.7
399,Tower Hamlets - Bow East,14781,64.2,71.3,80.8,17.4616061159597,7.4,39.9,30.9,10.9,00BGFZ,113.1,30.3,42.8,10.5,21.4,0.4
400,Newham - Canning Town North,14810,72.4,74.6,75.9,22.9574611748818,7.7,59.2,47.9,18.6,00BBGD,125.7,21.7,49.3,14.4,25.7,0.5
401,Bromley - Chislehurst,14831,59.7,81.2,83.0,17.982604005124397,21.5,12.0,12.7,1.9,00AFGJ,70.1,60.0,7.1,2.9,15.8,1.4
402,Wandsworth - Thamesfield,14842,63.7,81.4,82.9,15.1731572564344,8.8,12.3,31.4,5.8,00BJGQ,104.9,34.5,7.5,1.3,6.3,0.8
403,Newham - Wall End,14846,89.0,78.6,80.3,25.239121648929,6.5,82.2,59.8,29.7,00BBGW,63.7,33.9,17.7,8.4,19.6,0.7
404,Lewisham - Forest Hill,14854,74.1,76.5,80.4,21.1188905345362,10.0,38.2,31.1,8.2,00AZGL,78.2,22.2,26.4,7.6,13.9,0.7
405,Tower Hamlets - Whitechapel,14862,66.9,73.6,83.2,16.3706096083973,5.6,60.2,48.8,24.8,00BGGN,146.5,5.4,32.9,9.3,17.1,0.3
406,Ealing - South Acton,14873,62.9,76.4,79.8,20.453170174141103,11.1,43.5,50.5,23.4,00AJGX,106.8,17.5,33.9,7.3,16.2,0.7
407,Bromley - West Wickham,14884,52.2,80.9,84.7,19.8535339962376,19.7,10.6,9.7,1.3,00AFHB,40.8,32.6,4.4,2.2,15.2,1.4
408,Enfield - Town,14906,61.6,79.9,83.8,20.1730846638937,14.9,18.0,17.1,4.4,00AKHE,54.5,16.0,6.1,3.8,17.4,1.2
409,Enfield - Town,14906,61.6,79.9,83.8,20.1730846638937,14.9,18.0,17.1,4.4,00AYGR,81.4,18.3,20.8,6.2,13.9,0.6
410,Lambeth - Streatham Wells,14906,68.6,75.4,77.7,19.327787468133604,8.3,43.1,41.2,14.2,00AKHE,54.5,16.0,6.1,3.8,17.4,1.2
411,Lambeth - Streatham Wells,14906,68.6,75.4,77.7,19.327787468133604,8.3,43.1,41.2,14.2,00AYGR,81.4,18.3,20.8,6.2,13.9,0.6
412,Brent - Kensal Green,14915,94.6,76.7,83.1,19.5507877975193,9.0,52.3,50.2,21.9,00AEGR,141.0,6.9,26.7,13.3,19.7,0.6
413,Lewisham - Rushey Green,14916,78.2,75.2,80.1,22.036739072137298,9.0,59.1,38.0,10.2,00AZGT,140.6,24.1,26.9,9.2,18.0,0.6
414,Lewisham - Crofton Park,14937,84.4,78.5,86.4,19.5353819374707,9.1,39.6,30.1,7.0,00AZGH,70.7,20.7,16.8,5.9,15.3,0.7
415,Wandsworth - Northcote,14940,72.9,80.1,81.1,19.0361445783133,6.0,14.9,28.9,5.7,00BJGJ,112.9,34.0,13.6,2.3,6.7,0.8
416,Southwark - Cathedrals,14941,26.6,75.0,93.3,10.6887089217589,7.4,38.4,40.0,10.4,00BEGE,208.6,15.3,42.8,7.1,12.7,0.4
417,Brent - Sudbury,14950,115.0,80.5,84.8,20.6622073578595,10.5,77.3,62.2,28.4,00AEHB,82.5,34.6,15.0,6.1,18.1,0.9
418,Havering - Brooklands,14957,67.1,73.8,77.7,21.0670589021863,13.5,22.3,17.4,4.4,00ARGC,76.8,44.9,17.4,5.0,24.9,1.0
419,Croydon - Kenley,14966,76.0,78.0,80.7,20.7603902178271,14.9,23.2,17.9,3.0,00AHGQ,39.8,39.6,11.4,4.0,14.6,1.3
420,Islington - Holloway,14983,35.0,72.8,81.1,15.5776546752987,8.2,36.1,39.6,14.9,00AUGG,79.4,16.9,46.5,6.2,18.8,0.4
421,Wandsworth - East Putney,15022,45.7,80.7,85.1,13.273864998002901,11.0,20.6,39.4,9.3,00BJGC,49.0,11.0,11.3,2.2,7.9,0.7
422,Islington - Highbury West,15030,54.4,75.3,85.1,15.189620758483,6.7,32.1,34.5,12.8,00AUGE,86.8,10.5,33.5,6.0,12.6,0.4
423,Southwark - Camberwell Green,15032,69.6,74.4,85.1,21.1881319850985,7.4,61.1,46.8,13.4,00BEGD,128.1,1.6,63.5,11.6,19.3,0.4
424,Southwark - Camberwell Green,15032,69.6,74.4,85.1,21.1881319850985,7.4,61.1,46.8,13.4,00AYGE,172.6,10.2,37.4,6.6,13.3,0.4
425,Lambeth - Ferndale,15032,37.5,74.8,82.6,12.5598722724854,6.2,40.4,41.7,11.8,00BEGD,128.1,1.6,63.5,11.6,19.3,0.4
426,Lambeth - Ferndale,15032,37.5,74.8,82.6,12.5598722724854,6.2,40.4,41.7,11.8,00AYGE,172.6,10.2,37.4,6.6,13.3,0.4
427,Hillingdon - Botwell,15034,94.5,75.6,82.0,24.9634162564853,9.1,60.2,42.7,17.9,00ASGH,111.0,32.2,25.2,7.6,24.0,1.1
428,Brent - Dudden Hill,15059,76.0,85.3,88.1,20.399760940301498,9.7,55.9,56.2,23.8,00AEGN,112.1,11.5,19.9,9.1,19.8,0.8
429,Haringey - Tottenham Hale,15064,69.1,75.7,78.3,23.645778013807803,7.8,57.4,53.5,22.3,00APGR,133.3,29.0,39.2,11.8,24.7,0.5
430,Bromley - Bickley,15098,57.7,78.3,81.5,19.2210888859452,19.8,14.5,15.7,2.7,00AFGD,45.3,22.1,7.0,2.4,14.5,1.4
431,Brent - Tokyngton,15105,99.6,80.5,86.6,18.417742469381,11.3,76.3,62.9,26.6,00AEHC,132.9,19.7,12.0,4.7,19.4,0.9
432,Lambeth - Oval,15106,42.1,77.1,79.8,13.9944392956441,7.2,36.9,42.6,15.0,00AYGK,146.2,24.9,34.8,6.0,13.0,0.4
433,Lambeth - Herne Hill,15107,67.3,74.3,82.8,18.3689680280665,7.2,39.6,35.3,10.8,00AYGG,133.6,37.9,31.8,8.5,12.2,0.5
434,Tower Hamlets - Shadwell,15110,78.3,81.0,95.2,22.3891462607545,6.3,64.4,45.1,23.2,00BGGK,77.9,24.2,42.7,14.8,21.3,0.4
435,Newham - Green Street West,15113,86.8,80.7,86.6,21.015020181300898,7.4,89.3,61.1,32.7,00BBGN,85.5,3.2,13.5,9.7,21.6,0.7
436,Newham - Green Street West,15113,86.8,80.7,86.6,21.015020181300898,7.4,89.3,61.1,32.7,00AFGF,52.8,59.3,15.7,4.3,20.5,1.3
437,Ealing - Northolt West End,15121,102.2,78.6,86.0,25.553865485086998,9.8,55.1,41.5,18.6,00AJGT,116.4,56.3,34.5,9.4,25.1,0.9
438,Newham - Beckton,15141,55.1,81.9,82.6,21.9932633247474,4.8,54.2,49.7,23.5,00BBGB,121.2,30.9,36.5,6.5,19.2,0.7
439,Brent - Queensbury,15155,73.2,85.1,85.8,20.0857802705378,12.2,72.9,57.7,24.1,00AEGZ,85.0,13.7,15.3,4.2,21.4,1.2
440,Barnet - Totteridge,15159,68.7,80.3,83.0,20.1068672075994,16.8,34.3,37.6,13.7,00ACGP,49.2,57.7,8.7,2.5,13.0,1.3
441,Enfield - Palmers Green,15162,64.8,78.9,83.3,18.8431605329112,13.3,35.4,41.4,18.1,00AKGZ,80.2,15.4,9.0,5.7,20.6,1.0
442,Redbridge - Seven Kings,15164,82.3,78.0,79.7,24.2152466367713,9.2,76.7,47.6,19.3,00BCGR,96.4,30.0,8.2,8.0,18.4,1.0
443,Hounslow - Hounslow Central,15169,81.6,78.5,87.0,18.5312149779155,9.5,70.7,64.5,29.5,00ATGL,213.4,11.1,16.9,3.9,12.8,0.7
444,Hackney - Hoxton,15174,47.7,77.9,84.0,15.862659812837698,6.2,46.5,44.8,16.6,00AMGK,103.8,27.6,54.3,9.4,17.7,0.3
445,Southwark - Chaucer,15178,36.3,88.5,97.5,14.824087495058599,5.2,49.9,45.2,13.3,00BEGF,122.6,5.6,43.3,6.4,11.3,0.4
446,Ealing - Northolt Mandeville,15183,91.7,77.6,85.0,23.506553382072102,10.7,51.7,44.1,19.5,00AJGS,95.4,34.4,24.2,7.8,21.5,0.9
447,Wandsworth - Graveney,15198,63.8,76.9,84.0,17.8707724700618,8.8,46.4,42.4,14.4,00BJGF,105.1,2.6,17.8,5.2,14.7,0.6
448,Lewisham - Catford South,15214,68.9,77.4,81.4,21.4670698041278,11.3,56.2,32.2,7.1,00AZGG,57.0,3.0,12.6,6.5,17.3,0.9
449,Wandsworth - Wandsworth Common,15247,72.8,76.7,79.6,18.6922017446055,8.1,17.8,25.7,4.5,00BJGS,60.6,48.2,12.6,2.1,11.0,1.0
450,Brent - Queens Park,15281,76.3,80.4,87.9,17.983116288201,8.6,37.0,41.9,14.4,00AEGY,115.0,19.1,19.9,6.9,13.3,0.7
451,Barnet - High Barnet,15307,56.5,78.2,82.3,18.455608545110103,16.5,18.3,22.1,6.3,00ACGL,81.9,47.9,7.7,2.9,13.1,1.2
452,Bromley - Orpington,15311,57.0,79.1,84.6,19.1626934883417,21.2,12.6,11.9,2.3,00AFGW,77.6,26.3,15.8,4.8,22.3,1.2
453,Newham - Manor Park,15318,97.6,75.3,79.5,23.5082908995952,7.1,81.5,56.2,27.6,00BBGQ,83.3,26.6,22.5,10.9,20.7,0.7
454,Ealing - Perivale,15339,88.3,82.6,87.0,20.1251711324076,11.0,54.6,55.4,26.7,00AJGW,89.0,38.3,8.5,5.0,17.4,1.1
455,Wandsworth - Latchmere,15358,59.1,73.0,81.5,18.9608021877849,8.5,44.5,39.7,11.5,00BJGG,85.0,12.5,47.0,8.2,17.9,0.4
456,Southwark - Grange,15362,59.7,77.9,81.1,14.106236167165699,6.5,39.1,38.3,10.8,00BEGL,140.5,4.5,45.0,7.6,15.7,0.4
457,Bromley - Copers Cope,15392,61.5,77.4,82.4,13.169178794178801,16.8,17.4,20.3,4.6,00AFGL,69.5,17.1,9.2,3.1,12.1,1.0
458,Ealing - Acton Central,15427,75.1,81.3,90.7,19.66033577494,9.6,40.0,48.3,21.0,00AJGC,100.9,24.2,23.3,6.6,14.3,0.7
459,Bromley - Cray Valley East,15445,70.1,77.6,81.1,22.1819359015863,15.9,14.6,12.3,2.5,00AFGM,115.7,76.4,24.7,6.1,27.9,1.0
460,Wandsworth - Earlsfield,15448,68.1,76.1,84.2,14.9598653547385,6.7,27.7,33.4,8.2,00BJGB,68.0,16.7,21.7,3.1,11.9,0.7
461,Newham - Plaistow North,15470,96.0,75.3,82.2,23.6005171299289,7.1,73.4,52.1,23.6,00BBGR,74.0,10.3,41.7,11.3,23.6,0.5
462,Brent - Preston,15474,100.4,80.1,86.2,20.427814398345603,12.4,70.0,57.3,22.8,00AEGX,86.3,19.1,12.6,4.9,17.5,1.0
463,Wandsworth - Furzedown,15504,74.2,77.2,81.4,22.045923632610897,9.8,43.1,36.7,12.9,00BJGE,54.0,18.8,16.8,6.5,15.5,0.7
464,Brent - Mapesbury,15529,72.6,78.6,86.0,16.066713890141,8.3,43.4,52.3,21.3,00AEGU,97.9,9.7,19.2,7.3,14.5,0.6
465,Hounslow - Feltham West,15541,93.6,77.1,82.7,24.9919567595393,6.3,35.5,32.3,14.2,00ATGE,92.2,41.4,27.2,4.5,20.5,1.0
466,Newham - West Ham,15551,64.1,77.2,80.9,21.5998971127259,7.0,65.5,51.2,22.1,00BBGX,78.6,27.2,40.9,10.9,20.9,0.5
467,Bromley - Clock House,15560,77.7,78.8,84.7,19.7879177377892,11.5,20.6,17.3,3.9,00AFGK,51.4,16.3,12.6,3.7,15.2,1.0
468,Ealing - Hanger Hill,15561,71.1,83.2,88.2,18.9705031810295,12.8,43.1,53.1,23.8,00AJGM,73.2,26.7,4.7,3.3,9.2,1.0
469,Southwark - The Lane,15565,87.8,74.5,83.8,19.8393832316094,9.1,50.7,37.7,8.5,00BEGY,150.3,6.0,41.5,9.7,17.5,0.5
470,Newham - East Ham South,15575,100.0,74.9,80.2,27.8523274478331,7.4,67.7,46.6,19.7,00BBGJ,92.0,23.5,31.1,10.4,24.3,0.7
471,Brent - Willesden Green,15587,54.4,78.2,88.1,19.1634054019375,7.6,52.7,56.3,25.9,00AEHF,127.5,36.8,26.8,8.9,18.5,0.5
472,Lewisham - Sydenham,15605,71.8,75.4,80.3,20.1666132649792,11.9,41.8,30.2,7.1,00AZGU,83.7,13.1,34.7,8.0,18.7,0.7
473,Lewisham - Perry Vale,15618,73.5,76.2,80.8,20.687668075297697,9.6,42.5,30.5,7.2,00AZGS,74.7,9.7,26.5,7.1,16.2,0.7
474,Enfield - Ponders End,15664,61.6,77.6,80.8,25.9001532175689,9.1,54.6,43.5,19.0,00AKHA,93.0,44.5,25.6,13.7,26.9,0.8
475,Waltham Forest - Lea Bridge,15671,107.0,73.2,77.7,23.891264118435302,8.4,64.8,50.4,21.2,00BHGL,127.3,40.1,18.4,11.9,23.0,0.6
476,Greenwich - Abbey Wood,15704,105.3,74.3,81.1,26.853031074885397,9.6,46.3,32.0,7.6,00ALGP,82.9,43.9,38.9,9.0,25.3,0.7
477,Barnet - Finchley Church End,15715,72.1,82.4,86.3,18.7527839643653,16.5,33.1,40.9,14.5,00ACGF,53.5,13.7,4.9,3.4,12.3,1.2
478,Lewisham - New Cross,15756,74.9,73.7,78.2,20.1891342980452,5.9,59.7,46.6,15.3,00AZGR,144.9,16.6,40.5,10.0,17.9,0.5
479,Lambeth - Tulse Hill,15771,63.2,77.4,81.4,21.0259336757339,6.6,52.6,38.6,11.3,00AYGU,95.8,16.6,43.2,11.0,14.7,0.5
480,Brent - Barnhill,15772,79.0,79.6,82.7,20.8787725082425,12.3,69.7,56.5,22.9,00AEGK,83.4,31.6,26.6,6.7,18.1,1.0
481,Croydon - Croham,15790,77.8,78.9,83.3,18.2457251424953,12.0,31.3,24.3,6.5,00AHGL,73.3,19.1,8.3,4.4,12.0,1.0
482,Barnet - Oakleigh,15811,72.5,78.9,84.3,19.1006261463538,16.4,26.7,28.5,8.6,00ACGN,59.6,15.3,7.3,3.7,14.7,1.3
483,Lambeth - Brixton Hill,15842,44.5,74.8,78.4,15.7050877414468,7.0,41.5,37.4,11.1,00AYGA,112.2,13.1,32.2,7.9,13.8,0.5
484,Newham - Green Street East,15885,96.4,81.9,83.0,22.259993704752898,5.7,89.9,62.2,33.2,00BBGM,70.4,2.4,12.8,9.5,20.3,0.6
485,Barnet - Underhill,15915,48.9,78.2,82.6,20.5717876217405,16.2,27.3,25.4,6.9,00ACGQ,64.4,43.7,25.7,5.4,21.6,1.1
486,Newham - East Ham Central,15917,104.2,75.1,81.7,22.453980021360803,7.1,81.9,61.4,29.1,00BBGG,174.4,10.9,15.7,8.4,19.3,0.6
487,Havering - Romford Town,15921,70.0,76.4,81.0,17.6747691727907,14.0,16.4,16.6,5.6,00ARGR,225.4,8.1,13.0,5.0,21.0,0.9
488,Barnet - Garden Suburb,15929,73.5,82.7,87.3,20.3653713353004,16.3,21.4,36.0,10.9,00ACGG,82.1,24.2,4.9,2.0,8.2,7.2
489,Haringey - Seven Sisters,15968,90.7,77.6,89.3,27.041583166332696,7.3,41.2,49.1,22.5,00APGN,95.2,23.4,31.8,10.3,24.4,0.5
490,Newham - Boleyn,15982,89.0,75.6,82.4,24.940558127893897,7.5,78.1,54.8,26.4,00BBGC,109.5,6.1,25.8,9.8,22.4,0.6
491,Tower Hamlets - Limehouse,15986,70.3,77.0,79.3,22.275741273614397,6.2,56.8,43.8,19.7,00BGGD,84.2,23.4,41.2,11.7,21.9,0.5
492,Barnet - East Finchley,15989,67.8,79.3,84.9,18.869222590531002,13.0,28.2,34.4,10.4,00ACGD,69.4,37.8,22.2,4.2,14.1,0.8
493,Newham - Canning Town South,15996,59.8,74.5,85.9,21.0865216304076,7.1,54.5,47.5,19.9,00BBGE,86.2,26.6,36.0,9.2,22.6,0.5
494,Enfield - Enfield Highway,16027,70.6,78.1,86.2,26.255693517189698,10.3,42.2,34.3,14.5,00AKGR,87.8,40.6,24.4,9.6,30.1,1.0
495,Croydon - Upper Norwood,16082,82.2,78.1,82.8,20.992413878870803,11.0,51.3,33.9,9.0,00AHHB,85.7,19.5,20.6,7.7,16.6,0.9
496,Wandsworth - Roehampton,16132,48.3,74.1,81.2,18.4540044631788,10.5,34.5,38.6,15.5,00BJGL,84.7,70.6,46.0,8.3,18.2,0.6
497,Barnet - East Barnet,16137,65.8,80.5,84.5,20.7225630538514,13.7,23.4,23.4,7.2,00ACGC,59.0,34.9,9.8,4.3,17.1,1.2
498,Croydon - Bensham Manor,16201,90.1,80.9,84.3,23.060304919449397,9.8,73.5,45.3,12.9,00AHGG,68.8,7.7,11.9,8.5,17.9,0.8
499,Wandsworth - Tooting,16239,57.3,76.0,79.7,17.907506619865803,9.0,52.7,45.4,15.2,00BJGR,97.0,33.7,18.0,5.7,14.4,0.6
500,Wandsworth - Southfields,16256,70.0,78.9,89.8,18.503937007874,7.7,24.4,34.8,9.0,00BJGP,72.3,17.0,14.7,2.8,10.1,0.7
501,Newham - Forest Gate North,16257,69.6,74.2,79.8,21.2708371778311,6.9,64.1,50.5,21.0,00BBGK,90.8,13.8,28.9,8.7,17.8,0.6
502,Enfield - Haselbury,16263,83.4,81.0,83.4,25.4196642685851,9.3,54.3,46.0,22.1,00AKGU,72.3,27.0,19.5,11.0,27.2,0.8
503,Wandsworth - Queenstown,16331,42.0,76.9,84.6,14.1877411058723,7.8,35.7,42.4,15.4,00BJGK,83.2,38.5,30.7,4.6,11.9,0.5
504,Barnet - Brunswick Park,16394,55.2,83.8,83.2,20.6233988044406,14.4,31.6,30.9,10.2,00ACFX,55.9,28.0,9.0,4.0,17.4,1.3
505,Wandsworth - West Hill,16402,56.1,75.8,78.3,18.8452627728326,9.5,31.7,43.5,13.5,00BJGT,43.9,31.9,23.6,4.7,14.3,0.8
506,Newham - Plaistow South,16404,102.3,75.4,83.4,25.1097293343087,6.6,67.3,51.7,21.9,00BBGS,125.3,14.5,25.1,10.5,21.8,0.6
507,Lewisham - Telegraph Hill,16414,53.8,76.4,78.8,19.5321067381504,7.0,49.4,36.9,10.9,00AZGW,71.7,99.9,36.6,8.2,14.4,0.6
508,Enfield - Enfield Lock,16469,91.1,76.4,79.1,27.2876313073046,8.2,45.1,33.8,14.0,00AKGS,70.7,39.6,22.7,11.0,26.5,0.9
509,Croydon - Norbury,16476,73.7,81.5,82.8,21.018451080359302,13.4,62.3,43.6,13.0,00AHGS,77.4,16.1,13.8,6.6,16.2,1.0
510,Croydon - South Norwood,16518,75.6,75.6,84.4,21.297977963433798,9.9,52.3,32.1,8.2,00AHGZ,100.5,17.5,20.7,9.6,15.9,0.7
511,Greenwich - Greenwich West,16527,64.3,75.6,82.1,17.4320808374176,7.7,33.3,34.8,9.7,00ALGY,127.7,49.0,35.7,5.4,12.8,0.6
512,Enfield - Lower Edmonton,16531,111.2,75.7,79.8,27.451454842417302,9.2,58.9,46.1,19.5,00AKGY,71.9,40.6,27.4,11.5,28.5,0.7
513,Barnet - West Finchley,16533,64.6,79.9,81.6,17.5588217504385,12.5,39.2,44.7,19.0,00ACGR,76.1,13.4,7.2,3.3,12.2,0.9
514,Croydon - Thornton Heath,16539,87.1,75.6,82.8,25.0256968377774,9.1,67.1,37.6,9.4,00AHHA,95.9,11.2,19.7,11.3,18.7,0.7
515,Croydon - Fairfield,16569,74.2,79.2,80.9,17.587060172611498,11.7,48.7,42.3,13.7,00AHGM,261.1,17.5,15.5,4.2,12.3,0.6
516,Lewisham - Evelyn,16603,65.5,76.7,84.0,23.200626392820602,6.0,60.9,44.8,16.0,00AZGK,95.7,22.6,57.3,10.2,19.1,0.4
517,Newham - Little Ilford,16633,107.8,71.2,78.9,27.782119882162,6.7,82.0,54.5,27.3,00BBGP,85.2,48.6,30.1,12.0,23.2,0.6
518,Barnet - Edgware,16728,76.4,80.1,83.6,23.320181731229102,13.8,39.2,37.4,12.1,00ACGE,93.7,54.0,15.8,4.2,17.0,1.2
519,Greenwich - Plumstead,16736,106.6,74.0,83.3,23.3568355640535,8.6,55.4,41.7,14.6,00ALHC,98.1,41.0,27.3,11.0,21.6,0.7
520,Croydon - Woodside,16743,75.4,79.3,80.6,24.386310697007698,7.9,55.1,28.4,6.3,00AHHE,78.6,33.3,19.8,8.4,17.1,0.8
521,Redbridge - Newbury,16760,84.5,78.8,83.8,25.4474940334129,9.1,77.2,47.5,17.6,00BCGP,73.4,21.4,10.0,6.5,17.4,1.1
522,Bromley - Cray Valley West,16769,68.2,76.6,82.6,23.6269306458346,14.9,13.9,10.9,2.5,00AFGN,84.7,24.2,33.5,7.1,28.5,1.1
523,Lambeth - Coldharbour,16784,63.0,73.1,80.0,21.5622020972355,6.1,62.1,43.7,13.3,00AYGD,194.9,14.4,59.1,15.0,17.6,0.4
524,Bromley - Bromley Town,16826,73.4,78.0,81.1,19.3510043979555,13.9,18.5,19.9,4.9,00AFGG,155.7,18.0,10.0,3.3,13.1,1.0
525,Croydon - Addiscombe,16883,64.9,76.8,81.4,18.6815139489427,9.7,43.6,34.5,10.2,00AHGE,69.4,2.3,13.7,5.1,15.3,0.7
526,Brent - Stonebridge,16903,72.6,75.1,87.9,28.190262083653803,8.7,76.5,48.8,17.2,00AEHA,119.9,16.3,62.3,13.7,25.9,0.6
527,Brent - Kilburn,16989,81.4,76.2,84.2,18.600270763435198,8.6,50.0,48.1,18.4,00AEGT,123.3,11.2,45.0,13.3,17.1,0.4
528,Croydon - Waddon,17077,74.1,74.8,80.1,22.275575335246202,11.0,44.6,30.1,8.9,00AHHC,93.8,32.6,25.5,6.8,19.1,0.8
529,Barnet - Colindale,17098,68.6,76.4,84.6,22.2306702538309,8.4,59.9,52.7,23.2,00ACGA,68.8,20.8,34.3,4.8,18.0,0.8
530,Lewisham - Brockley,17156,53.0,75.0,80.1,15.248309629284199,6.5,43.1,36.8,10.5,00AZGF,118.9,13.5,30.1,8.4,11.8,0.5
531,Brent - Harlesden,17162,106.9,71.9,80.6,25.8652837664608,8.0,67.0,52.9,23.0,00AEGQ,189.6,8.9,44.0,23.4,24.1,0.5
532,Lambeth - Larkhall,17243,38.8,74.0,79.2,16.6560343327727,6.2,43.3,42.2,13.0,00AYGJ,113.7,20.0,41.4,7.3,13.9,0.4
533,Barnet - Coppetts,17250,72.5,76.7,81.1,19.7101449275362,10.3,35.0,36.1,13.6,00ACGB,85.4,40.3,13.4,4.9,15.0,1.0
534,Newham - Forest Gate South,17362,61.8,74.6,77.2,19.410206197442697,6.5,68.2,54.8,25.5,00BBGL,111.2,2.2,26.4,9.8,17.6,0.6
535,Enfield - Upper Edmonton,17374,88.4,75.4,76.7,25.8432139979279,9.2,58.0,48.4,22.7,00AKHG,125.1,17.6,29.8,11.7,28.3,0.8
536,Barnet - West Hendon,17402,85.8,78.2,84.3,19.8080680381565,11.4,50.6,53.6,24.7,00ACGS,120.5,32.0,16.8,5.0,17.8,0.9
537,Barnet - Hale,17437,90.5,81.2,83.8,23.1060388828354,13.4,40.6,35.7,11.7,00ACGJ,57.6,48.8,13.6,4.1,17.8,1.2
538,Lewisham - Lewisham Central,17446,67.4,71.4,77.6,18.3308494783905,8.4,51.6,41.2,12.4,00AZGQ,185.1,13.6,27.4,8.2,16.1,0.5
539,Croydon - West Thornton,17489,81.5,77.6,82.5,25.050031448339,9.5,76.5,46.5,15.1,00AHHD,112.2,17.7,15.7,7.9,17.9,0.8
540,Greenwich - Woolwich Common,17499,100.5,73.9,85.4,26.9101091490942,5.9,57.6,41.8,13.6,00ALHF,105.3,39.4,50.0,13.4,21.8,0.6
541,Barnet - Woodhouse,17575,57.8,78.6,81.1,18.7482219061166,13.6,37.6,41.0,16.2,00ACGT,92.8,19.3,11.5,4.5,15.7,1.0
542,Ealing - Greenford Broadway,17625,93.5,77.4,81.2,23.4439716312057,11.0,57.3,48.6,22.2,00AJGK,113.5,26.2,23.4,7.6,21.9,0.9
543,Enfield - Edmonton Green,17949,124.1,74.8,79.6,27.973703270377197,8.4,60.6,46.8,21.4,00AKGQ,147.7,33.2,43.1,19.6,30.5,0.6
544,Croydon - Selhurst,18087,77.3,73.9,78.9,24.5535467462819,8.7,65.6,40.1,11.5,00AHGW,140.2,18.3,27.1,9.9,18.9,0.6
545,Greenwich - Glyndon,18171,91.0,73.2,77.4,22.8606020582246,7.1,55.0,42.2,13.8,00ALGX,65.6,32.6,41.4,10.5,21.4,0.6
546,Barnet - Burnt Oak,18217,94.3,74.7,82.1,24.5814349234232,9.3,53.5,47.1,19.3,00ACFY,67.8,20.2,35.5,6.9,23.6,0.8
547,Barnet - Mill Hill,18451,63.8,80.7,86.6,22.8171914801366,13.1,36.1,34.4,10.2,00ACGM,82.4,59.0,12.8,3.8,14.0,1.3
548,Barnet - Hendon,18472,88.4,80.1,85.3,20.0844521437852,11.9,36.3,48.2,20.3,00ACGK,81.9,16.4,12.1,4.7,13.5,1.0
549,Croydon - Broad Green,18652,83.8,75.3,83.8,25.7613124597898,7.1,68.6,46.2,16.9,00AHGH,219.7,4.5,27.5,8.3,20.2,0.7
550,Ealing - East Acton,18706,62.3,80.1,85.6,19.250507858441104,8.2,50.1,54.4,22.4,00AJGH,144.3,19.6,22.1,7.8,15.0,0.7
551,Barnet - Golders Green,18818,98.7,78.3,84.2,27.186736103730503,12.0,34.2,45.8,17.5,00ACGH,83.3,14.6,13.3,4.5,16.4,1.0
552,Greenwich - Woolwich Riverside,19120,84.4,73.8,80.2,23.6297071129707,6.2,49.0,39.4,13.3,00ALHG,137.4,34.9,50.0,10.4,19.9,0.5
553,Greenwich - Thamesmead Moorings,19730,122.5,74.3,77.5,28.6467308667005,4.7,57.6,41.8,12.1,00ALHE,94.5,55.5,38.0,9.3,18.7,0.7
554,Barnet - Childs Hill,20049,69.0,77.4,82.0,19.173026086089102,12.4,38.9,51.2,23.0,00ACFZ,107.1,15.1,12.5,6.2,13.7,0.8
555,Tower Hamlets - Millwall,23084,58.1,83.6,95.0,15.5605614278288,3.5,47.6,52.1,23.4,00BGGG,86.5,35.0,20.6,5.1,11.4,0.5
